timestamp,open,high,low,close,volume,sma,hvi,ST_long,ST_short
2024-06-12 13:45:00,5.199,5.229,5.191,5.207,372403.6,,,,
2024-06-12 14:00:00,5.207,5.248,5.202,5.239,266567.4,,,,
2024-06-12 14:15:00,5.242,5.309,5.242,5.294,251455.6,,,,
2024-06-12 14:30:00,5.296,5.357,5.274,5.343,347518.2,,,,
2024-06-12 14:45:00,5.342,5.387,5.337,5.374,362340.9,,,,
2024-06-12 15:00:00,5.375,5.4,5.349,5.349,211651.1,,,,
2024-06-12 15:15:00,5.35,5.352,5.331,5.341,86483.9,,,,
2024-06-12 15:30:00,5.342,5.377,5.317,5.33,239202.3,,,5.084710275989823,
2024-06-12 15:45:00,5.331,5.374,5.331,5.367,136525.6,,,5.098735570726908,
2024-06-12 16:00:00,5.367,5.418,5.364,5.39,203371.9,,,5.134144174588173,
2024-06-12 16:15:00,5.39,5.39,5.296,5.299,224893.9,,60.38982974385855,5.134144174588173,
2024-06-12 16:30:00,5.299,5.325,5.288,5.288,234676.9,,64.76688113320908,5.134144174588173,
2024-06-12 16:45:00,5.288,5.323,5.287,5.305,221948.6,,61.254084206337176,5.134144174588173,
2024-06-12 17:00:00,5.304,5.317,5.288,5.301,93515.5,,25.808706662703546,5.134144174588173,
2024-06-12 17:15:00,5.301,5.35,5.289,5.35,204347.6,,56.39650395525319,5.134144174588173,
2024-06-12 17:30:00,5.35,5.35,5.331,5.337,97804.8,,40.88790116148549,5.134144174588173,
2024-06-12 17:45:00,5.336,5.378,5.329,5.373,124520.9,,52.056731895972575,5.134144174588173,
2024-06-12 18:00:00,5.373,5.373,5.231,5.306,820654.5,,343.0796861066971,5.134144174588173,
2024-06-12 18:15:00,5.308,5.352,5.28,5.286,355248.6,,43.288448427444195,5.134144174588173,
2024-06-12 18:30:00,5.287,5.314,5.226,5.269,371715.2,,45.294968832803576,5.134144174588173,
2024-06-12 18:45:00,5.271,5.271,5.164,5.183,608625.4,,74.16341468912923,5.134144174588173,
2024-06-12 19:00:00,5.182,5.228,5.166,5.184,308789.1,,37.62717440774406,5.134144174588173,
2024-06-12 19:15:00,5.185,5.211,5.11,5.119,434079.9,,52.89435444514104,,5.5369485460000485
2024-06-12 19:30:00,5.123,5.137,5.064,5.091,396986.6,,48.37438897855309,,5.475264444367186
2024-06-12 19:45:00,5.091,5.103,5.003,5.033,596502.9,,72.68624006814073,,5.4461089530242415
2024-06-12 20:00:00,5.032,5.109,5.012,5.103,334582.8,,40.77023887640901,,5.4461089530242415
2024-06-12 20:15:00,5.103,5.133,5.103,5.114,272052.3,,33.15064987762816,,5.4461089530242415
2024-06-12 20:30:00,5.114,5.151,5.105,5.149,113641.7,,13.847691080716672,,5.4461089530242415
2024-06-12 20:45:00,5.15,5.15,5.126,5.133,46365.7,,7.618101380586482,,5.4461089530242415
2024-06-12 21:00:00,5.133,5.152,5.133,5.152,33107.2,,5.439667815375434,,5.42642644799358
2024-06-12 21:15:00,5.152,5.161,5.145,5.161,23490.7,,3.8596318852285822,,5.4075055273565225
2024-06-12 21:30:00,5.162,5.168,5.153,5.16,30452.3,,5.105138633860791,,5.389144462375749
2024-06-12 21:45:00,5.16,5.16,5.146,5.147,19969.1,,3.347695375831366,,5.358816465998995
2024-06-12 22:00:00,5.147,5.147,5.124,5.14,100459.0,,16.841326337223173,,5.32826205204846
2024-06-12 22:15:00,5.14,5.142,5.121,5.129,44395.8,,7.442679658388919,,5.311657885710624
2024-06-12 22:30:00,5.128,5.133,5.115,5.116,22265.7,,6.654765277832572,,5.291219473525245
2024-06-12 22:45:00,5.116,5.135,5.113,5.129,34289.4,,12.603973574198784,,5.283013343677586
2024-06-12 23:00:00,5.13,5.13,5.102,5.105,45959.3,,40.44228483030437,,5.272288065579765
2024-06-12 23:15:00,5.104,5.108,5.082,5.091,42914.6,,42.718521984093016,,5.247521864835118
2024-06-12 23:30:00,5.093,5.1,5.09,5.09,18545.8,,18.461063717536508,,5.2328399209081775
2024-06-12 23:45:00,5.091,5.097,5.089,5.09,19502.6,,19.41349207139231,,5.216833381772121
2024-06-13 00:00:00,5.091,5.091,5.058,5.066,100454.4,,99.99542101752954,,5.204224929800786
2024-06-13 00:15:00,5.064,5.082,5.053,5.075,72008.4,,71.67939159259001,,5.199410453932368
2024-06-13 00:30:00,5.076,5.085,5.071,5.077,43230.1,,43.0325804557083,,5.199410453932368
2024-06-13 00:45:00,5.078,5.101,5.078,5.095,48231.9,,48.01372563073395,,5.199410453932368
2024-06-13 01:00:00,5.095,5.095,5.074,5.09,38898.0,,38.722047018348626,,5.199410453932368
2024-06-13 01:15:00,5.09,5.095,5.067,5.071,27186.4,,27.06342380224261,,5.199410453932368
2024-06-13 01:30:00,5.069,5.072,5.046,5.057,51995.1,,51.75990300076453,,5.18295253385739
2024-06-13 01:45:00,5.056,5.064,5.011,5.019,135208.2,,134.59659308103977,,5.18161450539926
2024-06-13 02:00:00,5.018,5.021,4.977,4.985,203710.7,,150.66445674152897,,5.153960977507006
2024-06-13 02:15:00,4.985,5.002,4.961,4.99,172818.4,,84.83520993251705,,5.143612623444553
2024-06-13 02:30:00,4.989,5.009,4.968,4.973,153267.9,,75.23802137050238,,5.143612623444553
2024-06-13 02:45:00,4.973,4.975,4.923,4.943,213720.6,,104.91378214300967,,5.130354403365166
2024-06-13 03:00:00,4.943,4.944,4.904,4.94,340546.5,,159.3419165021996,,5.108018814114064
2024-06-13 03:15:00,4.941,4.942,4.878,4.886,410496.8,,120.54060165058223,,5.108018814114064
2024-06-13 03:30:00,4.887,4.903,4.864,4.892,245896.1,,59.90207475429772,,5.085742101660673
2024-06-13 03:45:00,4.891,4.915,4.884,4.904,116987.8,,28.49907721570546,,5.085742101660673
2024-06-13 04:00:00,4.905,4.937,4.896,4.93,159958.9,,38.96714907400009,,5.085742101660673
2024-06-13 04:15:00,4.93,4.955,4.927,4.955,134389.1,,32.73816020003079,,5.085742101660673
2024-06-13 04:30:00,4.955,4.955,4.94,4.954,37699.8,,9.183944917475607,,5.085742101660673
2024-06-13 04:45:00,4.953,4.953,4.908,4.91,94414.5,,23.000057491312965,,5.085742101660673
2024-06-13 05:00:00,4.911,4.94,4.911,4.927,91827.2,,22.36977243184356,,5.085742101660673
2024-06-13 05:15:00,4.928,4.938,4.905,4.919,93532.7,,22.78524461092023,,5.085742101660673
2024-06-13 05:30:00,4.92,4.923,4.905,4.921,113781.1,,27.71790182042832,,5.0765954622248035
2024-06-13 05:45:00,4.92,4.929,4.903,4.905,133929.7,,32.62624702555538,,5.073938725804099
2024-06-13 06:00:00,4.905,4.91,4.88,4.899,120929.3,,49.17902317279534,,5.051804571636471
2024-06-13 06:15:00,4.898,4.91,4.896,4.901,41313.8,,25.827759505723037,,5.04740344542369
2024-06-13 06:30:00,4.901,4.902,4.85,4.852,155493.0,,97.20809532948776,,5.036917778974862
2024-06-13 06:45:00,4.85,4.863,4.835,4.844,141671.7,,91.11130404584131,,5.00692944107341
2024-06-13 07:00:00,4.845,4.882,4.824,4.882,136402.8,,87.72279137967624,,5.00692944107341
2024-06-13 07:15:00,4.882,4.917,4.878,4.91,152174.4,,97.86575601474021,,5.00692944107341
2024-06-13 07:30:00,4.91,4.914,4.903,4.906,37372.9,,24.035101258577555,,5.00692944107341
2024-06-13 07:45:00,4.904,4.921,4.903,4.919,31972.2,,20.561825934286432,,5.00692944107341
2024-06-13 08:00:00,4.92,4.945,4.915,4.938,104521.6,,67.21948898021132,,5.00692944107341
2024-06-13 08:15:00,4.938,4.943,4.927,4.934,74921.0,,48.182876399580685,,5.00692944107341
2024-06-13 08:30:00,4.935,4.938,4.921,4.93,23992.5,,15.429955046207867,,5.00692944107341
2024-06-13 08:45:00,4.93,4.933,4.914,4.923,49694.1,,31.95905925025564,,5.00692944107341
2024-06-13 09:00:00,4.924,4.93,4.911,4.917,50438.1,,32.43753738110397,,5.00692944107341
2024-06-13 09:15:00,4.917,4.926,4.896,4.905,78335.6,,51.47751527195114,,5.00692944107341
2024-06-13 09:30:00,4.906,4.906,4.881,4.883,84794.5,,55.721921689850596,,5.00692944107341
2024-06-13 09:45:00,4.883,4.921,4.878,4.919,101289.2,,66.56126128967816,,5.00692944107341
2024-06-13 10:00:00,4.918,4.936,4.895,4.897,139498.6,,133.46389645776566,,5.00692944107341
2024-06-13 10:15:00,4.894,4.899,4.88,4.895,109248.5,,78.31512287578514,,5.00692944107341
2024-06-13 10:30:00,4.896,4.909,4.892,4.905,102489.6,,73.46998464500719,,5.00692944107341
2024-06-13 10:45:00,4.904,4.933,4.899,4.922,138072.1,,98.97740909227763,,5.00692944107341
2024-06-13 11:00:00,4.921,4.937,4.912,4.937,101411.5,,72.69714534769524,,5.00692944107341
2024-06-13 11:15:00,4.936,4.971,4.93,4.971,182333.2,,130.7061146133366,,5.00692944107341
2024-06-13 11:30:00,4.972,4.979,4.956,4.962,114762.5,,62.941088073921804,,5.00692944107341
2024-06-13 11:45:00,4.963,4.963,4.937,4.948,117992.8,,64.71273470766705,,5.00692944107341
2024-06-13 12:00:00,4.949,4.956,4.937,4.952,109893.2,,60.270537674981846,,5.00692944107341
2024-06-13 12:15:00,4.952,4.971,4.948,4.969,61035.9,,33.47492393047454,,5.00692944107341
2024-06-13 12:30:00,4.969,5.026,4.943,4.951,535539.3,,293.71463891381273,,5.00692944107341
2024-06-13 12:45:00,4.951,4.966,4.902,4.927,280657.1,,52.40644337399701,,5.00692944107341
2024-06-13 13:00:00,4.929,4.942,4.909,4.94,119435.2,,22.301855344696456,,5.00692944107341
2024-06-13 13:15:00,4.94,4.994,4.94,4.989,187944.8,,35.09449259839567,,5.00692944107341
2024-06-13 13:30:00,4.988,5.016,4.983,4.998,202850.1,,37.87772437989145,,5.00692944107341
2024-06-13 13:45:00,4.999,4.999,4.952,4.959,128463.6,,23.98770734472708,,5.00692944107341
2024-06-13 14:00:00,4.96,4.967,4.919,4.927,274670.2,,51.288523549999034,,5.00692944107341
2024-06-13 14:15:00,4.927,4.947,4.891,4.902,286915.2,,53.57500373922137,,5.00692944107341
2024-06-13 14:30:00,4.902,4.944,4.895,4.91,350862.4,5.05774,65.51571471972271,,5.00692944107341
2024-06-13 14:45:00,4.912,4.923,4.873,4.881,190226.6,5.05448,35.520567771590244,,5.00692944107341
2024-06-13 15:00:00,4.879,4.901,4.865,4.887,234478.6,5.05096,43.783640154886854,,5.00692944107341
2024-06-13 15:15:00,4.886,4.889,4.832,4.841,214356.4,5.04643,61.09414972935259,,5.00692944107341
2024-06-13 15:30:00,4.84,4.85,4.734,4.755,490996.2,5.04055,139.93981686267892,,5.00692944107341
2024-06-13 15:45:00,4.752,4.782,4.742,4.771,295931.3,5.03452,60.27160699003373,,5.00692944107341
2024-06-13 16:00:00,4.77,4.775,4.659,4.716,534371.7,5.02819,108.83418242340774,,5.00692944107341
2024-06-13 16:15:00,4.716,4.745,4.696,4.73,269698.7,5.02208,50.47024383963448,,5.00692944107341
2024-06-13 16:30:00,4.729,4.745,4.7,4.745,279104.6,5.01623,52.23042313056623,,5.00692944107341
2024-06-13 16:45:00,4.745,4.768,4.731,4.765,196780.0,5.01021,36.8245548931577,,5.00692944107341
2024-06-13 17:00:00,4.766,4.769,4.733,4.749,160937.7,5.0038,30.11718247803917,,5.00692944107341
2024-06-13 17:15:00,4.748,4.762,4.71,4.718,160566.4,4.99799,30.04769900801259,,4.998050618264349
2024-06-13 17:30:00,4.718,4.786,4.71,4.775,390744.4,4.992859999999999,73.12221062604925,,4.998050618264349
2024-06-13 17:45:00,4.774,4.805,4.769,4.791,210584.3,4.98772,39.40783166473824,,4.998050618264349
2024-06-13 18:00:00,4.791,4.799,4.772,4.799,180648.0,4.9826999999999995,33.80568244912671,,4.998050618264349
2024-06-13 18:15:00,4.799,4.814,4.794,4.803,171970.0,4.9772300000000005,32.181719204067136,,4.998050618264349
2024-06-13 18:30:00,4.801,4.815,4.783,4.792,76625.0,4.97178,14.33926983783011,,4.998050618264349
2024-06-13 18:45:00,4.792,4.823,4.791,4.808,82671.7,4.96613,21.157488117552035,,4.998050618264349
2024-06-13 19:00:00,4.807,4.817,4.796,4.8,94767.7,4.961069999999999,24.25311789497175,,4.998050618264349
2024-06-13 19:15:00,4.8,4.817,4.8,4.817,42701.9,4.956379999999999,10.92834599804885,,4.986321331582802
2024-06-13 19:30:00,4.817,4.817,4.792,4.799,51156.8,4.95168,13.092139004423352,,4.974775426989495
2024-06-13 19:45:00,4.799,4.803,4.776,4.778,50433.5,4.94763,12.907030785342029,,4.95473608023007
2024-06-13 20:00:00,4.777,4.796,4.763,4.774,91884.6,4.94353,23.51526982856312,,4.94470235448265
2024-06-13 20:15:00,4.775,4.784,4.77,4.771,22878.5,4.94005,10.864295201494128,,4.928602018035506
2024-06-13 20:30:00,4.77,4.771,4.747,4.752,66198.5,4.93666,36.64502236393428,,4.906087444004123
2024-06-13 20:45:00,4.752,4.765,4.75,4.764,53558.1,4.9339699999999995,31.143862301564226,,4.8942892376663725
2024-06-13 21:00:00,4.765,4.771,4.74,4.749,53302.3,4.93043,56.245218571306474,,4.8942892376663725
2024-06-13 21:15:00,4.75,4.758,4.74,4.743,32726.1,4.9267199999999995,34.5329685114232,,4.881334950105884
2024-06-13 21:30:00,4.743,4.759,4.741,4.757,17283.1,4.9228,18.237331917942505,,4.876287100071731
2024-06-13 21:45:00,4.758,4.772,4.756,4.769,20915.8,4.91916,22.76311808507628,,4.876287100071731
2024-06-13 22:00:00,4.772,4.779,4.755,4.755,45574.9,4.91519,49.60015062371714,,4.876287100071731
2024-06-13 22:15:00,4.756,4.763,4.751,4.761,18196.0,4.91119,19.803100846061255,,4.868189544038584
2024-06-13 22:30:00,4.76,4.772,4.76,4.77,22378.3,4.90729,24.354788506452657,,4.868189544038584
2024-06-13 22:45:00,4.768,4.775,4.763,4.767,5761.1,4.90349,8.702765168395054,,4.86660864458001
2024-06-13 23:00:00,4.766,4.766,4.736,4.741,106999.6,4.8995,161.63447812261606,,4.856807409650237
2024-06-13 23:15:00,4.741,4.757,4.739,4.756,17507.5,4.89577,16.362210699853083,,4.851549208269216
2024-06-13 23:30:00,4.756,4.767,4.755,4.76,20609.6,4.89221,19.261380416375385,,4.851549208269216
2024-06-13 23:45:00,4.76,4.763,4.751,4.756,20507.2,4.88848,19.165679124034106,,4.84899533667851
2024-06-14 00:00:00,4.756,4.782,4.755,4.763,122408.2,4.88506,114.40061458173675,,4.84899533667851
2024-06-14 00:15:00,4.763,4.79,4.743,4.773,182044.4,4.881880000000001,148.71912175818287,,4.84899533667851
2024-06-14 00:30:00,4.774,4.782,4.752,4.76,133424.5,4.87858,73.29228473932733,,4.84899533667851
2024-06-14 00:45:00,4.759,4.774,4.75,4.766,79662.9,4.87534,43.760148623083154,,4.84899533667851
2024-06-14 01:00:00,4.767,4.784,4.739,4.778,214948.9,4.87246,118.07498610229153,,4.84899533667851
2024-06-14 01:15:00,4.779,4.795,4.761,4.769,83862.2,4.8694,39.01494727351478,,4.84899533667851
2024-06-14 01:30:00,4.771,4.782,4.744,4.776,219373.1,4.86639,102.05825663680996,,4.84899533667851
2024-06-14 01:45:00,4.773,4.805,4.773,4.802,69531.6,4.86346,31.695590753834452,,4.84899533667851
2024-06-14 02:00:00,4.804,4.812,4.784,4.791,74496.3,4.860469999999999,33.958721465849734,,4.84899533667851
2024-06-14 02:15:00,4.792,4.811,4.792,4.803,36484.5,4.85779,16.63125515389079,,4.84899533667851
2024-06-14 02:30:00,4.807,4.814,4.798,4.813,35430.7,4.8553500000000005,16.15088632106671,,4.84899533667851
2024-06-14 02:45:00,4.813,4.832,4.807,4.826,55403.9,4.85342,25.255557768933382,,4.84899533667851
2024-06-14 03:00:00,4.823,4.831,4.803,4.813,124791.4,4.851699999999999,56.88546134416663,,4.84899533667851
2024-06-14 03:15:00,4.815,4.82,4.803,4.805,44784.2,4.84985,20.414626952894405,,4.84899533667851
2024-06-14 03:30:00,4.803,4.811,4.79,4.799,46818.8,4.84811,21.342087977058263,,4.84899533667851
2024-06-14 03:45:00,4.799,4.8,4.789,4.793,13684.1,4.84661,6.237820407333443,,4.84899533667851
2024-06-14 04:00:00,4.796,4.809,4.794,4.805,32674.4,4.84526,14.894442390612157,,4.84899533667851
2024-06-14 04:15:00,4.806,4.808,4.794,4.807,49671.5,4.84447,39.80362428821217,,4.84899533667851
2024-06-14 04:30:00,4.806,4.806,4.787,4.787,49756.6,4.84342,39.87181809002864,,4.84899533667851
2024-06-14 04:45:00,4.787,4.796,4.779,4.786,68579.7,4.84224,54.955469687815025,,4.84899533667851
2024-06-14 05:00:00,4.786,4.812,4.786,4.801,87436.5,4.84095,70.06612635165564,,4.84899533667851
2024-06-14 05:15:00,4.801,4.814,4.801,4.812,23344.2,4.83952,18.706577536593066,,4.84899533667851
2024-06-14 05:30:00,4.813,4.855,4.813,4.853,201241.2,4.83851,161.26207414934044,4.718640157000561,
2024-06-14 05:45:00,4.853,4.864,4.844,4.853,87676.6,4.83794,43.56791750397036,4.740834420286238,
2024-06-14 06:00:00,4.854,4.857,4.839,4.843,51495.6,4.8370999999999995,25.588994698898635,4.740834420286238,
2024-06-14 06:15:00,4.844,4.849,4.835,4.835,52708.6,4.836259999999999,26.19175397483219,4.740834420286238,
2024-06-14 06:30:00,4.835,4.851,4.825,4.851,79340.9,4.83556,39.42577364873594,4.740834420286238,
2024-06-14 06:45:00,4.85,4.858,4.842,4.842,44651.0,4.83493,22.187802497699277,4.746125534648562,
2024-06-14 07:00:00,4.842,4.854,4.84,4.844,24927.5,4.8343799999999995,12.386877041083038,4.747964743984525,
2024-06-14 07:15:00,4.844,4.85,4.835,4.841,52849.7,4.833780000000001,26.261868841966752,4.747964743984525,
2024-06-14 07:30:00,4.844,4.851,4.839,4.85,10085.3,4.83376,5.0115483310574565,4.754484301702974,
2024-06-14 07:45:00,4.85,4.882,4.85,4.857,130017.8,4.83389,64.6079431050898,4.765557972888207,
2024-06-14 08:00:00,4.857,4.882,4.847,4.879,40116.5,4.83386,19.934536267921278,4.765557972888207,
2024-06-14 08:15:00,4.879,4.886,4.868,4.877,65192.8,4.83353,50.141442171764176,4.768920143346407,
2024-06-14 08:30:00,4.874,4.882,4.87,4.881,7602.0,4.83328,5.84689173328575,4.774788694296944,
2024-06-14 08:45:00,4.881,4.885,4.873,4.873,44041.4,4.83282,33.87336195505539,4.783676023683113,
2024-06-14 09:00:00,4.873,4.874,4.849,4.86,49194.7,4.83204,37.8368961788309,4.783676023683113,
2024-06-14 09:15:00,4.86,4.866,4.843,4.86,74361.0,4.8313,57.19293819769293,4.783676023683113,
2024-06-14 09:30:00,4.86,4.868,4.848,4.851,71256.6,4.83051,54.8052651252367,4.783676023683113,
2024-06-14 09:45:00,4.852,4.862,4.851,4.854,22452.8,4.829820000000001,17.269020088018717,4.783676023683113,
2024-06-14 10:00:00,4.855,4.867,4.843,4.865,62939.3,4.8293,48.408217951695846,4.783676023683113,
2024-06-14 10:15:00,4.867,4.884,4.859,4.872,90248.3,4.82897,69.41226508985693,4.783676023683113,
2024-06-14 10:30:00,4.872,4.883,4.87,4.871,61110.9,4.82885,67.71418408989422,4.783676023683113,
2024-06-14 10:45:00,4.871,4.872,4.848,4.86,67594.8,4.828259999999999,74.89869615272531,4.783676023683113,
2024-06-14 11:00:00,4.859,4.873,4.841,4.869,97009.8,4.82798,107.49210788458065,4.783676023683113,
2024-06-14 11:15:00,4.869,4.88,4.861,4.879,79073.5,4.82782,81.51083704945273,4.783676023683113,
2024-06-14 11:30:00,4.882,4.882,4.864,4.864,40889.6,4.8274099999999995,42.149968353712715,4.783676023683113,
2024-06-14 11:45:00,4.865,4.876,4.864,4.868,45302.3,4.82687,46.698684050477375,4.783676023683113,
2024-06-14 12:00:00,4.867,4.876,4.856,4.876,50327.6,4.8262599999999996,51.878882339722374,4.783676023683113,
2024-06-14 12:15:00,4.877,4.889,4.874,4.88,98342.9,4.82535,101.37419106110929,4.78649954290548,
2024-06-14 12:30:00,4.88,4.886,4.865,4.865,66280.7,4.82438,67.39754471344652,4.78649954290548,
2024-06-14 12:45:00,4.865,4.869,4.851,4.858,96356.5,4.82348,97.98012871290149,4.78649954290548,
2024-06-14 13:00:00,4.858,4.867,4.837,4.845,96468.1,4.82241,98.0936091980204,4.78649954290548,
2024-06-14 13:15:00,4.845,4.88,4.845,4.877,100370.5,4.82149,102.0617655163718,4.78649954290548,
2024-06-14 13:30:00,4.878,4.878,4.848,4.852,61075.0,4.8205,60.84955240832715,4.78649954290548,
2024-06-14 13:45:00,4.85,4.853,4.83,4.83,29265.7,4.819529999999999,29.157670829576418,4.78649954290548,
2024-06-14 14:00:00,4.83,4.833,4.803,4.817,130415.0,4.8183,129.933596026721,4.78649954290548,
2024-06-14 14:15:00,4.816,4.827,4.753,4.764,223522.7,4.816050000000001,171.39339799869646,,4.948074014652597
2024-06-14 14:30:00,4.763,4.778,4.738,4.775,230732.7,4.81382,103.22562316936937,,4.922063441130797
2024-06-14 14:45:00,4.777,4.807,4.758,4.794,98877.3,4.81217,42.85361372705299,,4.922063441130797
2024-06-14 15:00:00,4.793,4.808,4.766,4.774,91833.1,4.81064,39.80064377524295,,4.922063441130797
2024-06-14 15:15:00,4.775,4.801,4.76,4.79,107532.3,4.80952,46.604707525201235,,4.922063441130797
2024-06-14 15:30:00,4.791,4.829,4.77,4.77,188097.0,4.80812,81.52160487005092,,4.922063441130797
2024-06-14 15:45:00,4.77,4.772,4.724,4.742,250467.0,4.80673,108.55288392152477,,4.922063441130797
2024-06-14 16:00:00,4.743,4.748,4.551,4.622,1011001.0,4.80408,403.6463885461957,,4.922063441130797
2024-06-14 16:15:00,4.619,4.648,4.593,4.598,273222.8,4.80165,27.02497821466052,,4.922063441130797
2024-06-14 16:30:00,4.6,4.627,4.571,4.582,280526.6,4.79992,27.747410734509657,,4.905538742749033
2024-06-14 16:45:00,4.581,4.619,4.574,4.592,179062.2,4.79813,17.711377140081957,,4.891390350927742
2024-06-14 17:00:00,4.59,4.601,4.554,4.601,205145.6,4.79698,20.291335023407495,,4.863834586509493
2024-06-14 17:15:00,4.6,4.607,4.573,4.578,86352.0,4.79546,8.541237842494716,,4.859715359865279
2024-06-14 17:30:00,4.578,4.601,4.566,4.575,72558.8,4.79376,7.17692663014181,,4.839684594170239
2024-06-14 17:45:00,4.573,4.575,4.548,4.553,75901.2,4.79164,7.507529666142763,,4.800372509288777
2024-06-14 18:00:00,4.552,4.563,4.526,4.54,122847.6,4.78955,12.151085903970422,,4.775676436533236
2024-06-14 18:15:00,4.54,4.551,4.5,4.541,241136.2,4.787780000000001,23.851232590274392,,4.760079802742775
2024-06-14 18:30:00,4.543,4.555,4.538,4.555,83521.9,4.78558,8.26130735775731,,4.759711259493806
2024-06-14 18:45:00,4.552,4.553,4.537,4.546,55394.6,4.78313,19.746647911463658,,4.740609650994691
2024-06-14 19:00:00,4.545,4.547,4.527,4.527,71773.1,4.78041,25.58513167735253,,4.7189511294240205
2024-06-14 19:15:00,4.527,4.566,4.525,4.565,68718.7,4.77803,28.497877962744706,,4.7189511294240205
2024-06-14 19:30:00,4.566,4.566,4.544,4.549,34556.8,4.7756,14.330822166062168,,4.7189511294240205
2024-06-14 19:45:00,4.549,4.558,4.543,4.556,62033.0,4.77308,25.72529549690175,,4.710781177713085
2024-06-14 20:00:00,4.557,4.567,4.553,4.564,34581.6,4.77072,14.341106810176157,,4.707383866611217
2024-06-14 20:15:00,4.562,4.591,4.56,4.59,72646.5,4.7684500000000005,30.126749944637094,,4.707383866611217
2024-06-14 20:30:00,4.589,4.593,4.573,4.575,44448.1,4.76621,18.432777824316712,,4.707383866611217
2024-06-14 20:45:00,4.576,4.576,4.564,4.573,42897.6,4.76416,17.78978021549647,,4.6998977119184335
2024-06-14 21:00:00,4.575,4.59,4.573,4.584,55297.4,4.76226,66.20706664958533,,4.6998977119184335
2024-06-14 21:15:00,4.584,4.661,4.583,4.657,166452.1,4.76112,229.1261106866814,,4.6998977119184335
2024-06-14 21:30:00,4.657,4.719,4.657,4.688,267158.4,4.76048,160.5016698497646,,4.6998977119184335
2024-06-14 21:45:00,4.689,4.704,4.68,4.696,79305.8,4.759799999999999,29.684935978056462,,4.6998977119184335
2024-06-14 22:00:00,4.697,4.7,4.664,4.68,148687.8,4.75911,55.65529663300872,,4.6998977119184335
2024-06-14 22:15:00,4.68,4.682,4.66,4.661,59612.3,4.75829,22.31346646783331,,4.6998977119184335
2024-06-14 22:30:00,4.662,4.666,4.651,4.663,28715.5,4.75735,10.748492280235245,,4.6998977119184335
2024-06-14 22:45:00,4.665,4.673,4.658,4.672,24497.1,4.75638,9.16950393474433,,4.6998977119184335
2024-06-14 23:00:00,4.671,4.671,4.655,4.658,20266.5,4.75541,7.585949010025512,,4.6998977119184335
2024-06-14 23:15:00,4.658,4.68,4.658,4.668,41474.7,4.75448,15.524385533077004,,4.6998977119184335
2024-06-14 23:30:00,4.668,4.674,4.668,4.671,10295.4,4.75349,3.8536688346688703,,4.6998977119184335
2024-06-14 23:45:00,4.672,4.679,4.669,4.675,16990.8,4.75257,6.359822487333357,,4.6998977119184335
2024-06-15 00:00:00,4.674,4.684,4.663,4.672,58062.4,4.751880000000001,21.733323751003148,,4.6998977119184335
2024-06-15 00:15:00,4.673,4.684,4.67,4.679,20559.7,4.75111,13.827429015695976,,4.6998977119184335
2024-06-15 00:30:00,4.677,4.686,4.665,4.685,59465.7,4.75036,39.99366457772595,,4.6998977119184335
2024-06-15 00:45:00,4.682,4.688,4.672,4.672,36526.6,4.74952,61.273596220914136,,4.6998977119184335
2024-06-15 01:00:00,4.673,4.689,4.673,4.678,32610.0,4.748670000000001,54.838335376527986,,4.6998977119184335
2024-06-15 01:15:00,4.678,4.678,4.659,4.662,23202.9,4.74756,39.01896387329167,,4.6998977119184335
2024-06-15 01:30:00,4.663,4.67,4.65,4.654,30188.4,4.7465,50.76607187000237,,4.6998977119184335
2024-06-15 01:45:00,4.654,4.66,4.65,4.65,8686.9,4.74534,14.60825316106596,,4.6998977119184335
2024-06-15 02:00:00,4.649,4.659,4.646,4.659,23892.2,4.74415,40.17811948736835,,4.6998977119184335
2024-06-15 02:15:00,4.66,4.665,4.658,4.658,51173.2,4.74304,86.05498631984489,,4.6998977119184335
2024-06-15 02:30:00,4.658,4.672,4.658,4.664,36025.7,4.74192,60.58231888298632,,4.6998977119184335
2024-06-15 02:45:00,4.664,4.664,4.647,4.66,49249.3,4.7405,82.81967588038147,,4.6998977119184335
2024-06-15 03:00:00,4.66,4.67,4.651,4.656,32349.8,4.73915,54.40077220986216,,4.6998977119184335
2024-06-15 03:15:00,4.656,4.675,4.645,4.672,69740.6,4.73784,136.2834452408683,,4.6998977119184335
2024-06-15 03:30:00,4.673,4.674,4.655,4.668,47961.1,4.736389999999999,68.77070171463967,,4.6998977119184335
2024-06-15 03:45:00,4.668,4.677,4.665,4.676,35814.3,4.73489,51.35358743687321,,4.6998977119184335
2024-06-15 04:00:00,4.676,4.696,4.676,4.688,68319.8,4.73364,97.96273619670608,,4.6998977119184335
2024-06-15 04:15:00,4.688,4.697,4.665,4.667,39284.3,4.73226,56.32916837537962,,4.6998977119184335
2024-06-15 04:30:00,4.667,4.688,4.663,4.687,48784.8,4.73114,69.95179278641135,,4.6998977119184335
2024-06-15 04:45:00,4.687,4.69,4.678,4.679,20185.8,4.73,28.94411576613909,,4.6998977119184335
2024-06-15 05:00:00,4.679,4.697,4.677,4.688,57317.1,4.72883,82.18612974365003,,4.6998977119184335
2024-06-15 05:15:00,4.687,4.694,4.683,4.692,21902.7,4.72768,31.405952916952245,,4.6998977119184335
2024-06-15 05:30:00,4.693,4.693,4.669,4.688,49566.6,4.72669,71.07280407682181,,4.6998977119184335
2024-06-15 05:45:00,4.686,4.691,4.675,4.687,50619.9,4.7257,72.583115143833,,4.6998977119184335
2024-06-15 06:00:00,4.689,4.734,4.689,4.73,205093.9,4.72499,300.19686825781105,4.5981516771513045,
2024-06-15 06:15:00,4.73,4.753,4.716,4.724,147367.6,4.72411,71.85372163677224,4.610915723272547,
2024-06-15 06:30:00,4.725,4.725,4.711,4.717,21483.3,4.7227500000000004,10.474860539489473,4.610915723272547,
2024-06-15 06:45:00,4.716,4.73,4.707,4.71,33520.2,4.72132,16.343830801403648,4.610915723272547,
2024-06-15 07:00:00,4.711,4.724,4.705,4.714,40742.4,4.7200299999999995,19.86524221344467,4.610915723272547,
2024-06-15 07:15:00,4.715,4.726,4.71,4.712,19480.1,4.7188,9.498137194719101,4.610915723272547,
2024-06-15 07:30:00,4.715,4.723,4.698,4.705,62680.2,4.71734,30.56170856373593,4.610915723272547,
2024-06-15 07:45:00,4.705,4.712,4.7,4.71,22186.2,4.716019999999999,10.817581605303717,4.610915723272547,
2024-06-15 08:00:00,4.708,4.721,4.708,4.714,11159.9,4.71472,5.4413612496519885,4.6166503271960595,
2024-06-15 08:15:00,4.714,4.721,4.71,4.711,4044.2,4.71342,1.9718772718252469,4.623771709025194,
2024-06-15 08:30:00,4.711,4.717,4.709,4.713,15435.7,4.71205,7.526162406585471,4.6286614648787365,
2024-06-15 08:45:00,4.713,4.722,4.709,4.712,26246.7,4.7106,17.81035994343397,4.633924112753204,
2024-06-15 09:00:00,4.713,4.727,4.709,4.723,23153.9,4.70904,36.939735355024396,4.635220668074173,
2024-06-15 09:15:00,4.723,4.725,4.702,4.707,28674.5,4.70734,45.74730138065929,4.635220668074173,
2024-06-15 09:30:00,4.706,4.707,4.689,4.702,75376.6,4.70555,120.2558383668208,4.635220668074173,
2024-06-15 09:45:00,4.703,4.712,4.699,4.7,23087.9,4.70382,30.630062910770715,4.635220668074173,
2024-06-15 10:00:00,4.702,4.705,4.686,4.705,46939.4,4.7022699999999995,62.27317231077018,4.635220668074173,
2024-06-15 10:15:00,4.704,4.706,4.68,4.696,77914.7,4.70063,103.3672253723304,4.635220668074173,
2024-06-15 10:30:00,4.697,4.702,4.694,4.697,7248.5,4.699090000000001,9.303122517317014,4.635220668074173,
2024-06-15 10:45:00,4.697,4.704,4.697,4.702,6826.1,4.69757,8.76099118651551,4.635220668074173,
2024-06-15 11:00:00,4.704,4.707,4.692,4.698,21142.6,4.6959,27.135572619800886,4.635220668074173,
2024-06-15 11:15:00,4.698,4.711,4.697,4.71,29814.2,4.69428,38.26517974143518,4.635220668074173,
2024-06-15 11:30:00,4.71,4.711,4.701,4.701,12426.1,4.6925799999999995,15.948338375171824,4.635220668074173,
2024-06-15 11:45:00,4.7,4.707,4.697,4.707,7083.8,4.691050000000001,9.091737502679212,4.635220668074173,
2024-06-15 12:00:00,4.707,4.709,4.7,4.707,13014.6,4.68943,16.703651557408296,4.638670262607426,
2024-06-15 12:15:00,4.707,4.709,4.701,4.703,6433.3,4.68767,8.256850119425474,4.64286022509208,
2024-06-15 12:30:00,4.702,4.713,4.694,4.694,22964.0,4.68597,29.473257292911352,4.64286022509208,
2024-06-15 12:45:00,4.694,4.731,4.685,4.73,75892.4,4.68459,97.40446924649648,4.64286022509208,
2024-06-15 13:00:00,4.731,4.738,4.713,4.717,60311.5,4.683,79.46974927660742,4.64286022509208,
2024-06-15 13:15:00,4.718,4.732,4.718,4.732,10619.8,4.68152,13.993232523941792,4.64286022509208,
2024-06-15 13:30:00,4.73,4.731,4.702,4.709,44588.4,4.67996,58.752128012818154,4.64286022509208,
2024-06-15 13:45:00,4.71,4.731,4.709,4.731,29211.1,4.6786900000000005,38.490151846561716,4.64286022509208,
2024-06-15 14:00:00,4.731,4.731,4.714,4.722,32092.1,4.67746,42.28631588933806,4.64286022509208,
2024-06-15 14:15:00,4.721,4.736,4.716,4.716,21117.8,4.67585,27.825974669400363,4.64286022509208,
2024-06-15 14:30:00,4.717,4.723,4.706,4.723,17162.7,4.6745600000000005,22.614517395681254,4.64286022509208,
2024-06-15 14:45:00,4.723,4.73,4.713,4.721,20445.3,4.67347,26.93985168475368,4.64286022509208,
2024-06-15 15:00:00,4.72,4.755,4.72,4.755,50507.0,4.67285,66.55080087070642,4.64286022509208,
2024-06-15 15:15:00,4.755,4.772,4.75,4.75,72728.8,4.67271,95.83146665542269,4.653566972103928,
2024-06-15 15:30:00,4.75,4.756,4.734,4.739,20428.7,4.67235,28.088872633674693,4.653566972103928,
2024-06-15 15:45:00,4.741,4.748,4.731,4.746,33641.6,4.67187,46.25622861919899,4.653566972103928,
2024-06-15 16:00:00,4.746,4.756,4.74,4.746,44921.7,4.67159,61.76604041315132,4.653566972103928,
2024-06-15 16:15:00,4.744,4.75,4.733,4.738,20508.7,4.67107,28.198870323723202,4.653566972103928,
2024-06-15 16:30:00,4.738,4.747,4.735,4.735,9456.2,4.67072,13.002001957958884,4.653566972103928,
2024-06-15 16:45:00,4.735,4.741,4.724,4.732,53573.3,4.67062,73.66174060344733,4.653566972103928,
2024-06-15 17:00:00,4.732,4.737,4.726,4.736,21395.5,4.67176,29.41819471791092,4.653566972103928,
2024-06-15 17:15:00,4.734,4.74,4.725,4.739,28275.1,4.67317,38.877446073632456,4.653566972103928,
2024-06-15 17:30:00,4.737,4.747,4.735,4.744,10267.3,4.67479,14.117241037938202,4.659512771720849,
2024-06-15 17:45:00,4.745,4.749,4.737,4.748,7036.0,4.67635,9.674296839766365,4.6645823757607285,
2024-06-15 18:00:00,4.745,4.747,4.727,4.727,34517.9,4.6776100000000005,64.43116253805533,4.6645823757607285,
2024-06-15 18:15:00,4.727,4.727,4.707,4.725,117484.5,4.67908,219.29673923390942,4.6645823757607285,
2024-06-15 18:30:00,4.724,4.725,4.708,4.714,8427.9,4.680470000000001,7.173627159327401,4.6645823757607285,
2024-06-15 18:45:00,4.714,4.715,4.706,4.708,23066.1,4.68202,19.633313330694687,4.6645823757607285,
2024-06-15 19:00:00,4.707,4.71,4.675,4.684,47585.5,4.68346,40.50364090582162,4.6645823757607285,
2024-06-15 19:15:00,4.683,4.687,4.669,4.685,38225.2,4.6849,32.53637713911196,4.6645823757607285,
2024-06-15 19:30:00,4.685,4.69,4.682,4.686,12369.1,4.68621,10.528282454281204,4.6645823757607285,
2024-06-15 19:45:00,4.686,4.686,4.679,4.68,15835.5,4.68755,13.478799330975576,4.6645823757607285,
2024-06-15 20:00:00,4.68,4.685,4.673,4.673,10766.4,4.68901,9.164102498627479,4.6645823757607285,
2024-06-15 20:15:00,4.675,4.678,4.637,4.649,153862.1,4.68985,130.96374415348407,,4.751282342550493
2024-06-15 20:30:00,4.65,4.672,4.65,4.668,45913.3,4.69104,29.840552026782422,,4.751282342550493
2024-06-15 20:45:00,4.669,4.672,4.654,4.655,29740.6,4.69203,19.329386509088334,,4.751282342550493
2024-06-15 21:00:00,4.655,4.663,4.653,4.658,17525.6,4.69297,11.390459378885376,,4.7472915043466655
2024-06-15 21:15:00,4.657,4.661,4.647,4.654,20544.4,4.69361,13.352476015860956,,4.740535575154285
2024-06-15 21:30:00,4.654,4.66,4.654,4.659,9670.0,4.69445,6.284848575445155,,4.735459064417959
2024-06-15 21:45:00,4.66,4.662,4.657,4.658,9634.6,4.6953000000000005,6.261840960184476,,4.730322055215392
2024-06-15 22:00:00,4.656,4.661,4.648,4.654,15824.5,4.696000000000001,10.284858974367307,,4.724490333041765
2024-06-15 22:15:00,4.654,4.657,4.648,4.652,16583.7,4.69595,10.778287830466372,,4.71892028546437
2024-06-15 22:30:00,4.654,4.658,4.649,4.658,7707.8,4.69565,5.0095507600637195,,4.716860244683747
2024-06-15 22:45:00,4.658,4.669,4.658,4.669,19358.6,4.69538,12.581785897891681,,4.716860244683747
2024-06-15 23:00:00,4.669,4.67,4.661,4.67,16166.0,4.69528,35.209841157137475,,4.716860244683747
2024-06-15 23:15:00,4.669,4.669,4.662,4.667,6119.7,4.69534,20.576921783689638,,4.716860244683747
2024-06-15 23:30:00,4.666,4.678,4.666,4.671,22451.4,4.6954199999999995,109.28233484550533,,4.716860244683747
2024-06-15 23:45:00,4.67,4.67,4.661,4.664,18748.4,4.695340000000001,83.50659647059872,,4.716860244683747
2024-06-16 00:00:00,4.664,4.665,4.65,4.65,18107.1,4.69526,80.65020444159383,,4.716464551980594
2024-06-16 00:15:00,4.651,4.657,4.645,4.647,7271.8,4.69505,32.38907150556312,,4.710112473126223
2024-06-16 00:30:00,4.647,4.652,4.629,4.639,79328.8,4.69473,353.3356494472505,,4.707596405536763
2024-06-16 00:45:00,4.639,4.643,4.621,4.621,49954.1,4.69419,62.97095128124968,,4.705225490460082
2024-06-16 01:00:00,4.62,4.626,4.602,4.621,110293.3,4.69368,139.0331128165307,,4.6939075632515
2024-06-16 01:15:00,4.62,4.636,4.62,4.628,57429.2,4.69317,52.06952734209603,,4.6939075632515
2024-06-16 01:30:00,4.628,4.63,4.611,4.612,58836.1,4.69244,53.34512613186839,,4.6939075632515
2024-06-16 01:45:00,4.612,4.617,4.604,4.617,21302.3,4.69189,19.3142285161474,,4.6901356666540055
2024-06-16 02:00:00,4.615,4.622,4.611,4.616,36647.9,4.69127,33.2276756611689,,4.6901356666540055
2024-06-16 02:15:00,4.615,4.627,4.607,4.625,14997.3,4.6909,13.597652803932785,,4.6901356666540055
2024-06-16 02:30:00,4.625,4.625,4.619,4.619,8974.7,4.69055,8.137121656528548,,4.6901356666540055
2024-06-16 02:45:00,4.619,4.619,4.608,4.608,9286.1,4.69013,8.419459749594944,,4.683459526856972
2024-06-16 03:00:00,4.61,4.617,4.604,4.615,39749.4,4.68969,36.03972317448113,,4.679751023020263
2024-06-16 03:15:00,4.614,4.62,4.612,4.613,17923.7,4.689240000000001,16.250941806981928,,4.679751023020263
2024-06-16 03:30:00,4.614,4.614,4.596,4.602,35300.4,4.688619999999999,32.00593327065198,,4.673633404667948
2024-06-16 03:45:00,4.601,4.602,4.598,4.598,37855.3,4.688,64.34026048633407,,4.661685775429669
2024-06-16 04:00:00,4.598,4.606,4.591,4.605,57918.0,4.68749,98.43956346528748,,4.661685775429669
2024-06-16 04:15:00,4.606,4.606,4.577,4.59,50387.1,4.6866699999999994,86.99730653682794,,4.661685775429669
2024-06-16 04:30:00,4.589,4.611,4.589,4.611,28501.2,4.6861,49.20957215373459,,4.661685775429669
2024-06-16 04:45:00,4.612,4.614,4.608,4.609,15692.0,4.68543,27.09347698470251,,4.661685775429669
2024-06-16 05:00:00,4.608,4.626,4.608,4.615,41157.6,4.684699999999999,71.06184605822024,,4.661685775429669
2024-06-16 05:15:00,4.614,4.629,4.614,4.628,22930.2,4.68431,39.590800787320006,,4.661685775429669
2024-06-16 05:30:00,4.629,4.643,4.625,4.639,48186.4,4.68383,83.19762422735592,,4.661685775429669
2024-06-16 05:45:00,4.64,4.647,4.638,4.647,13159.2,4.68351,22.720397803791567,,4.661685775429669
2024-06-16 06:00:00,4.647,4.65,4.638,4.639,23911.7,4.68302,41.285438033081256,,4.661685775429669
2024-06-16 06:15:00,4.643,4.645,4.639,4.64,3007.9,4.6825,5.193376843123036,,4.661685775429669
2024-06-16 06:30:00,4.639,4.642,4.635,4.64,11372.4,4.68202,19.63534652439656,,4.661685775429669
2024-06-16 06:45:00,4.64,4.658,4.64,4.653,36632.2,4.68168,72.70154464138638,,4.661685775429669
2024-06-16 07:00:00,4.653,4.664,4.651,4.658,41553.4,4.68096,86.23470522803115,,4.661685775429669
2024-06-16 07:15:00,4.655,4.658,4.652,4.654,3758.8,4.68026,7.8005412315508105,,4.661685775429669
2024-06-16 07:30:00,4.654,4.655,4.649,4.651,9239.5,4.6796,19.17449736855212,,4.661685775429669
2024-06-16 07:45:00,4.651,4.654,4.646,4.651,6023.6,4.67901,12.50062258230538,,4.661685775429669
2024-06-16 08:00:00,4.651,4.655,4.648,4.654,12257.3,4.67841,25.437260305812426,,4.661685775429669
2024-06-16 08:15:00,4.653,4.659,4.65,4.65,12769.9,4.677790000000001,30.7312999658271,,4.661685775429669
2024-06-16 08:30:00,4.65,4.65,4.643,4.645,33952.0,4.6771899999999995,81.70691206977047,,4.661685775429669
2024-06-16 08:45:00,4.643,4.643,4.627,4.634,33257.1,4.67643,80.03460607314925,,4.661685775429669
2024-06-16 09:00:00,4.634,4.645,4.627,4.628,17739.3,4.6755700000000004,42.690369500450025,,4.661685775429669
2024-06-16 09:15:00,4.628,4.647,4.619,4.643,28492.7,4.6748899999999995,68.56887763696834,,4.661685775429669
2024-06-16 09:30:00,4.642,4.647,4.634,4.635,21295.2,4.674110000000001,51.247791997766726,,4.661685775429669
2024-06-16 09:45:00,4.635,4.642,4.635,4.642,2992.9,4.6734100000000005,8.815091894439208,,4.661685775429669
2024-06-16 10:00:00,4.642,4.649,4.637,4.639,30029.6,4.67257,88.44721960414704,,4.661685775429669
2024-06-16 10:15:00,4.639,4.644,4.638,4.642,11032.4,4.671919999999999,32.49410933081998,,4.661685775429669
2024-06-16 10:30:00,4.645,4.669,4.639,4.667,66451.4,4.67157,195.7216069745523,4.581774175783819,
2024-06-16 10:45:00,4.665,4.684,4.659,4.683,76635.0,4.6714,115.3248840505994,4.591735007814702,
2024-06-16 11:00:00,4.684,4.691,4.674,4.687,76601.4,4.67122,99.95615580348404,4.601987149555459,
2024-06-16 11:15:00,4.687,4.688,4.672,4.674,49837.7,4.670999999999999,65.03255692568669,4.601987149555459,
2024-06-16 11:30:00,4.673,4.684,4.667,4.67,46872.8,4.67073,61.16369804919423,4.601987149555459,
2024-06-16 11:45:00,4.67,4.672,4.662,4.666,15581.5,4.67037,20.332093690872316,4.601987149555459,
2024-06-16 12:00:00,4.665,4.671,4.661,4.666,25522.2,4.67005,33.30358191426894,4.601987149555459,
2024-06-16 12:15:00,4.667,4.676,4.666,4.675,56167.4,4.669700000000001,73.29209891041953,4.601987149555459,
2024-06-16 12:30:00,4.676,4.682,4.668,4.671,10546.7,4.6693999999999996,13.762249624845044,4.605360669871053,
2024-06-16 12:45:00,4.67,4.675,4.669,4.674,7724.4,4.66907,10.079467606185164,4.608023431318045,
2024-06-16 13:00:00,4.676,4.689,4.676,4.684,17482.4,4.66884,22.812553011026296,4.6169486554154675,
2024-06-16 13:15:00,4.683,4.687,4.673,4.679,105185.2,4.6686,137.25477914790892,4.6169486554154675,
2024-06-16 13:30:00,4.678,4.679,4.666,4.67,74472.5,4.66836,70.80131045051965,4.6169486554154675,
2024-06-16 13:45:00,4.67,4.687,4.67,4.687,59557.4,4.66793,56.621463856131854,4.6169486554154675,
2024-06-16 14:00:00,4.685,4.711,4.675,4.706,108229.5,4.667820000000001,102.89422846560163,4.6169486554154675,
2024-06-16 14:15:00,4.707,4.709,4.68,4.685,90587.9,4.66735,83.69982306118018,4.6169486554154675,
2024-06-16 14:30:00,4.685,4.69,4.673,4.682,50282.1,4.6670799999999995,46.45877510290632,4.6169486554154675,
2024-06-16 14:45:00,4.682,4.687,4.67,4.67,25237.6,4.66647,23.318596131368988,4.6169486554154675,
2024-06-16 15:00:00,4.67,4.679,4.661,4.669,51162.7,4.66594,47.27241648533902,4.6169486554154675,
2024-06-16 15:15:00,4.67,4.683,4.664,4.665,35965.5,4.66543,33.230773495211565,4.6169486554154675,
2024-06-16 15:30:00,4.664,4.677,4.661,4.677,35499.8,4.66497,32.80048415635294,4.6169486554154675,
2024-06-16 15:45:00,4.677,4.684,4.67,4.682,31221.5,4.66458,28.84749536863794,4.6169486554154675,
2024-06-16 16:00:00,4.682,4.686,4.658,4.671,109271.6,4.66374,100.96286132708735,4.6169486554154675,
2024-06-16 16:15:00,4.671,4.676,4.663,4.675,35709.9,4.66299,32.67994611591667,4.6169486554154675,
2024-06-16 16:30:00,4.675,4.679,4.655,4.655,84765.3,4.6621500000000005,77.57303819107618,4.6169486554154675,
2024-06-16 16:45:00,4.655,4.66,4.646,4.657,55845.5,4.6612599999999995,51.107058009583454,4.6169486554154675,
2024-06-16 17:00:00,4.657,4.658,4.643,4.652,36216.0,4.66032,33.14310397212084,4.6169486554154675,
2024-06-16 17:15:00,4.655,4.666,4.655,4.657,19622.9,4.65951,17.957914041708918,4.6169486554154675,
2024-06-16 17:30:00,4.655,4.655,4.637,4.649,38662.0,4.65865,35.38156300447692,4.6169486554154675,
2024-06-16 17:45:00,4.648,4.654,4.64,4.643,35803.3,4.65776,32.765421207340246,4.6169486554154675,
2024-06-16 18:00:00,4.645,4.651,4.639,4.645,18341.6,4.65685,16.785331229706525,4.6169486554154675,
2024-06-16 18:15:00,4.644,4.655,4.642,4.655,12458.7,4.65601,11.401590166154792,4.6169486554154675,
2024-06-16 18:30:00,4.656,4.66,4.653,4.654,15111.1,4.6551100000000005,13.828936338444755,4.6169486554154675,
2024-06-16 18:45:00,4.65,4.657,4.649,4.654,8799.0,4.654170000000001,10.380426896383307,4.6169486554154675,
2024-06-16 19:00:00,4.655,4.666,4.653,4.665,33741.2,4.65355,39.80543925403437,4.6169486554154675,
2024-06-16 19:15:00,4.664,4.664,4.649,4.651,14253.4,4.65281,25.522915901907943,4.6169486554154675,
2024-06-16 19:30:00,4.651,4.659,4.643,4.658,52775.3,4.6522499999999996,136.50431948683462,4.6169486554154675,
2024-06-16 19:45:00,4.658,4.664,4.654,4.659,16769.4,4.6517599999999995,31.77509175693933,4.6169486554154675,
2024-06-16 20:00:00,4.661,4.662,4.65,4.658,30603.1,4.6514999999999995,57.98754341519612,4.6169486554154675,
2024-06-16 20:15:00,4.658,4.672,4.654,4.668,26230.3,4.65133,49.701849160497424,4.6169486554154675,
2024-06-16 20:30:00,4.668,4.668,4.661,4.665,10270.2,4.651120000000001,19.460239922842696,4.6169486554154675,
2024-06-16 20:45:00,4.665,4.667,4.655,4.659,9581.7,4.65091,18.155652360100277,4.6169486554154675,
2024-06-16 21:00:00,4.659,4.659,4.653,4.658,6639.6,4.65076,12.580885376302929,4.6169486554154675,
2024-06-16 21:15:00,4.655,4.659,4.653,4.657,9538.4,4.65084,18.07360640299534,4.6169486554154675,
2024-06-16 21:30:00,4.657,4.659,4.653,4.654,30837.2,4.6507,58.431122134786534,4.6169486554154675,
2024-06-16 21:45:00,4.654,4.662,4.653,4.659,9568.4,4.65074,18.130451176971043,4.6169486554154675,
2024-06-16 22:00:00,4.66,4.723,4.66,4.705,182551.2,4.65121,345.90272343312114,4.6169486554154675,
2024-06-16 22:15:00,4.705,4.709,4.692,4.7,41310.5,4.651669999999999,22.62954173952294,4.6169486554154675,
2024-06-16 22:30:00,4.703,4.705,4.684,4.685,54513.5,4.65193,29.86203322684266,4.6169486554154675,
2024-06-16 22:45:00,4.687,4.697,4.683,4.693,14474.5,4.65228,7.929008409695471,4.6169486554154675,
2024-06-16 23:00:00,4.693,4.704,4.693,4.696,33870.9,4.652699999999999,18.554191919855906,4.6169486554154675,
2024-06-16 23:15:00,4.697,4.704,4.688,4.689,23244.2,4.6530700000000005,12.732975735026665,4.6169486554154675,
2024-06-16 23:30:00,4.688,4.7,4.686,4.695,26383.2,4.65344,14.45249332789924,4.6169486554154675,
2024-06-16 23:45:00,4.693,4.704,4.693,4.704,13834.2,4.65379,7.578257497074793,4.621251319884248,
2024-06-17 00:00:00,4.703,4.704,4.689,4.694,26038.5,4.6540300000000006,14.263669589682236,4.621251319884248,
2024-06-17 00:15:00,4.694,4.709,4.686,4.708,26566.7,4.65444,14.55301307249692,4.621251319884248,
2024-06-17 00:30:00,4.706,4.724,4.706,4.72,29111.9,4.65493,15.947252058600546,4.63154310523323,
2024-06-17 00:45:00,4.719,4.72,4.684,4.688,33847.7,4.65517,62.09049134618029,4.63154310523323,
2024-06-17 01:00:00,4.687,4.689,4.668,4.688,100817.0,4.65555,184.93951039650727,4.63154310523323,
2024-06-17 01:15:00,4.687,4.687,4.654,4.66,91270.5,4.65568,90.53086285051133,4.63154310523323,
2024-06-17 01:30:00,4.66,4.665,4.641,4.641,35168.5,4.6556999999999995,34.883501790372655,4.63154310523323,
2024-06-17 01:45:00,4.642,4.654,4.641,4.653,12957.2,4.656020000000001,12.852197546048782,4.63154310523323,
2024-06-17 02:00:00,4.649,4.649,4.62,4.634,104882.5,4.65615,104.03255403354594,4.63154310523323,
2024-06-17 02:15:00,4.635,4.641,4.585,4.596,209621.8,4.65583,199.86346625986224,,4.749436420798221
2024-06-17 02:30:00,4.597,4.604,4.584,4.601,86752.0,4.65572,41.385008620286634,,4.725231217827047
2024-06-17 02:45:00,4.601,4.608,4.594,4.596,23854.8,4.6555100000000005,11.379923271339146,,4.723483900994612
2024-06-17 03:00:00,4.597,4.602,4.592,4.595,29053.5,4.6552999999999995,13.859961129996977,,4.709129057995382
2024-06-17 03:15:00,4.593,4.598,4.58,4.588,92715.1,4.65493,44.22970320834951,,4.697967763996042
2024-06-17 03:30:00,4.585,4.59,4.581,4.59,19273.3,4.65464,9.194320438046043,,4.685329511996606
2024-06-17 03:45:00,4.591,4.596,4.571,4.581,52512.2,4.65437,25.050925046917833,,4.685329511996606
2024-06-17 04:00:00,4.583,4.587,4.563,4.566,55027.7,4.65388,26.250943365623232,,4.680793110854649
2024-06-17 04:15:00,4.566,4.591,4.565,4.586,46946.4,4.65361,22.395762272817045,,4.680793110854649
2024-06-17 04:30:00,4.585,4.592,4.585,4.588,11425.1,4.65347,5.450339611624364,,4.680793110854649
2024-06-17 04:45:00,4.587,4.616,4.585,4.615,73508.2,4.653639999999999,35.067058865060794,,4.680793110854649
2024-06-17 05:00:00,4.615,4.622,4.607,4.618,31124.9,4.65377,33.570475575176,,4.680793110854649
2024-06-17 05:15:00,4.618,4.63,4.611,4.628,50644.7,4.6541500000000005,54.6240040726915,,4.680793110854649
2024-06-17 05:30:00,4.625,4.626,4.61,4.61,26949.0,4.654140000000001,29.06646274447204,,4.680793110854649
2024-06-17 05:45:00,4.61,4.611,4.569,4.579,122566.0,4.65384,132.19637362198822,,4.680793110854649
2024-06-17 06:00:00,4.577,4.577,4.547,4.551,171074.3,4.653200000000001,139.5772889708402,,4.680793110854649
2024-06-17 06:15:00,4.551,4.561,4.536,4.56,73532.1,4.65252,42.98255202564033,,4.670680953367748
2024-06-17 06:30:00,4.56,4.562,4.541,4.541,36726.9,4.65154,21.468391219487675,,4.670680953367748
2024-06-17 06:45:00,4.542,4.546,4.513,4.52,109366.0,4.65027,63.928947831439324,,4.655694169821204
2024-06-17 07:00:00,4.519,4.529,4.485,4.492,220913.4,4.6488,129.13301413479408,,4.646595002703888
2024-06-17 07:15:00,4.492,4.517,4.45,4.514,416178.8,4.647539999999999,188.39002070494593,,4.646595002703888
2024-06-17 07:30:00,4.515,4.521,4.487,4.492,113476.6,4.64606,27.266309576557,,4.646595002703888
2024-06-17 07:45:00,4.49,4.502,4.483,4.489,80473.6,4.64442,19.336304492203833,,4.646595002703888
2024-06-17 08:00:00,4.489,4.503,4.478,4.501,99494.7,4.64285,23.906719900196745,,4.643319709914302
2024-06-17 08:15:00,4.5,4.5,4.472,4.475,69105.5,4.64106,16.60476218394594,,4.637702608497974
2024-06-17 08:30:00,4.474,4.474,4.44,4.457,285856.6,4.63912,68.6860070719604,,4.612030807283977
2024-06-17 08:45:00,4.456,4.469,4.45,4.46,71860.4,4.63721,17.266713249209232,,4.60595497767198
2024-06-17 09:00:00,4.46,4.477,4.454,4.457,75914.5,4.63524,18.240837832200967,,4.60595497767198
2024-06-17 09:15:00,4.458,4.47,4.454,4.469,62103.4,4.63343,14.92228820881794,,4.595109779514108
2024-06-17 09:30:00,4.468,4.475,4.424,4.426,143713.0,4.63124,34.53155230396166,,4.595109779514108
2024-06-17 09:45:00,4.426,4.44,4.393,4.396,378436.7,4.6288599999999995,90.93127761433307,,4.579090858418528
2024-06-17 10:00:00,4.394,4.399,4.341,4.366,393211.9,4.626239999999999,103.90427249788405,,4.550792164358739
2024-06-17 10:15:00,4.366,4.371,4.348,4.36,215535.9,4.62341,54.81418543029852,,4.530893283736063
2024-06-17 10:30:00,4.361,4.385,4.36,4.385,99029.4,4.62091,25.184741357013863,,4.530893283736063
2024-06-17 10:45:00,4.385,4.402,4.384,4.388,70420.5,4.61837,17.909045987672293,,4.530893283736063
2024-06-17 11:00:00,4.387,4.411,4.382,4.405,99726.0,4.61603,25.36189774521066,,4.530893283736063
2024-06-17 11:15:00,4.403,4.419,4.397,4.417,73084.0,4.61378,18.586416128301305,,4.530893283736063
2024-06-17 11:30:00,4.416,4.416,4.396,4.397,78985.0,4.61108,20.087133680338766,,4.530893283736063
2024-06-17 11:45:00,4.397,4.4,4.388,4.397,93164.1,4.60822,23.69310287913463,,4.523189496264224
2024-06-17 12:00:00,4.395,4.4,4.382,4.385,56751.5,4.6052,14.432803279860044,,4.5145909967979065
2024-06-17 12:15:00,4.385,4.397,4.379,4.384,56356.0,4.6023000000000005,14.332221379871768,,4.506792282969634
2024-06-17 12:30:00,4.387,4.387,4.367,4.381,79807.4,4.59941,20.296282996521718,,4.493107671116829
2024-06-17 12:45:00,4.38,4.381,4.36,4.368,79916.4,4.596430000000001,37.07799953511225,,4.485020860957282
2024-06-17 13:00:00,4.368,4.386,4.346,4.384,123717.5,4.59361,124.0574173234663,,4.485020860957282
2024-06-17 13:15:00,4.385,4.387,4.37,4.376,54439.3,4.59062,44.002909855113465,,4.485020860957282
2024-06-17 13:30:00,4.378,4.378,4.343,4.346,148657.6,4.58737,120.15891042091863,,4.485020860957282
2024-06-17 13:45:00,4.345,4.35,4.309,4.318,307730.5,4.583810000000001,207.00623446093573,,4.468943580091893
2024-06-17 14:00:00,4.318,4.344,4.314,4.338,304741.7,4.58035,99.0287605550961,,4.468943580091893
2024-06-17 14:15:00,4.338,4.353,4.336,4.351,81418.5,4.577070000000001,26.457728434458073,,4.468943580091893
2024-06-17 14:30:00,4.353,4.389,4.343,4.376,146949.7,4.57413,47.75272519298543,,4.468943580091893
2024-06-17 14:45:00,4.376,4.388,4.352,4.357,79962.1,4.57083,25.98445717925263,,4.468943580091893
2024-06-17 15:00:00,4.358,4.379,4.353,4.359,153295.6,4.56736,49.81488672718499,,4.468943580091893
2024-06-17 15:15:00,4.358,4.361,4.333,4.341,124172.2,4.5639199999999995,40.35095643753219,,4.468943580091893
2024-06-17 15:30:00,4.341,4.347,4.329,4.345,101433.3,4.56055,32.961731125124096,,4.468943580091893
2024-06-17 15:45:00,4.346,4.355,4.291,4.307,234075.4,4.55692,76.0650634240025,,4.468943580091893
2024-06-17 16:00:00,4.308,4.323,4.287,4.304,199350.7,4.55327,64.78093656624871,,4.468943580091893
2024-06-17 16:15:00,4.305,4.309,4.199,4.297,927406.5,4.54959,301.3697049853687,,4.468943580091893
2024-06-17 16:30:00,4.296,4.363,4.284,4.361,439050.6,4.54643,47.34176437193399,,4.468943580091893
2024-06-17 16:45:00,4.361,4.379,4.35,4.36,162718.9,4.54321,17.545585457941044,,4.468943580091893
2024-06-17 17:00:00,4.364,4.403,4.364,4.391,237927.3,4.5404100000000005,25.655125341476474,,4.468943580091893
2024-06-17 17:15:00,4.392,4.403,4.371,4.378,132654.2,4.53744,14.30378156719842,,4.468943580091893
2024-06-17 17:30:00,4.379,4.428,4.379,4.416,161193.7,4.53505,17.381126830575376,,4.468943580091893
2024-06-17 17:45:00,4.415,4.431,4.401,4.429,87353.2,4.53277,9.419084295829283,,4.468943580091893
2024-06-17 18:00:00,4.429,4.48,4.426,4.459,241943.1,4.53084,26.088139343427073,,4.468943580091893
2024-06-17 18:15:00,4.458,4.478,4.452,4.454,145589.9,4.52881,15.698606813732706,,4.468943580091893
2024-06-17 18:30:00,4.458,4.486,4.454,4.456,155936.9,4.52688,16.81429879993293,,4.468943580091893
2024-06-17 18:45:00,4.456,4.479,4.453,4.479,51213.2,4.52524,5.522195498953264,4.274704610910107,
2024-06-17 19:00:00,4.479,4.486,4.449,4.461,106295.2,4.5234000000000005,24.210239093170582,4.2771039522086625,
2024-06-17 19:15:00,4.459,4.472,4.451,4.467,73931.6,4.52152,30.557432718684687,4.283303387607425,
2024-06-17 19:30:00,4.466,4.466,4.448,4.449,86217.9,4.51947,35.63561019099119,4.290688617949223,
2024-06-17 19:45:00,4.45,4.452,4.427,4.436,45858.0,4.51729,18.954043326716075,4.290688617949223,
2024-06-17 20:00:00,4.436,4.441,4.368,4.37,305909.2,4.51434,126.43848904969805,4.290688617949223,
2024-06-17 20:15:00,4.369,4.394,4.367,4.394,210087.9,4.51177,68.67655500390312,4.290688617949223,
2024-06-17 20:30:00,4.394,4.395,4.36,4.384,196222.5,4.50903,64.14403358905192,4.290688617949223,
2024-06-17 20:45:00,4.384,4.39,4.351,4.353,117034.0,4.5059700000000005,38.25775753066596,4.290688617949223,
2024-06-17 21:00:00,4.354,4.37,4.32,4.338,192555.0,4.50277,62.94514842966475,4.290688617949223,
2024-06-17 21:15:00,4.34,4.368,4.329,4.362,97804.4,4.49971,31.971709252287933,4.290688617949223,
2024-06-17 21:30:00,4.363,4.379,4.363,4.369,48502.0,4.49675,15.855031493005113,4.290688617949223,
2024-06-17 21:45:00,4.367,4.375,4.363,4.364,13261.7,4.4938,4.3351752742317,4.290688617949223,
2024-06-17 22:00:00,4.364,4.38,4.356,4.37,63573.7,4.49092,20.781885605271107,4.290688617949223,
2024-06-17 22:15:00,4.37,4.37,4.361,4.363,22377.6,4.48798,7.315111804417781,4.290688617949223,
2024-06-17 22:30:00,4.363,4.365,4.347,4.364,43324.1,4.48508,14.162405053525687,4.290688617949223,
2024-06-17 22:45:00,4.363,4.365,4.354,4.36,32257.1,4.48209,15.354097023198385,4.290688617949223,
2024-06-17 23:00:00,4.359,4.365,4.345,4.351,21484.8,4.47855,10.949203073042082,4.290688617949223,
2024-06-17 23:15:00,4.347,4.348,4.335,4.336,40121.5,4.47491,20.83638440964919,4.290688617949223,
2024-06-17 23:30:00,4.336,4.342,4.329,4.331,20099.3,4.47137,10.438212458778011,4.290688617949223,
2024-06-17 23:45:00,4.33,4.34,4.325,4.333,27010.4,4.46777,27.61675343849561,4.290688617949223,
2024-06-18 00:00:00,4.333,4.344,4.316,4.32,98073.9,4.46401,154.26803851278123,4.290688617949223,
2024-06-18 00:15:00,4.321,4.325,4.288,4.295,196874.0,4.46007,200.74046203933975,4.290688617949223,
2024-06-18 00:30:00,4.296,4.313,4.241,4.248,295349.9,4.4556000000000004,150.01975883052106,,4.429655175212047
2024-06-18 00:45:00,4.243,4.258,4.217,4.252,307444.6,4.45108,104.09504116981246,,4.397633007324612
2024-06-18 01:00:00,4.252,4.274,4.228,4.229,202292.3,4.446429999999999,65.79796815426259,,4.397633007324612
2024-06-18 01:15:00,4.228,4.23,4.117,4.155,914677.4,4.4409,297.5096651559338,,4.397633007324612
2024-06-18 01:30:00,4.156,4.167,3.855,3.878,1122575.9,4.43248,122.72916112281771,,4.428022535224829
2024-06-18 01:45:00,3.884,4.034,3.825,4.017,755346.0,4.42577,67.28685338781993,,4.428022535224829
2024-06-18 02:00:00,4.016,4.032,3.966,3.996,453270.9,4.41885,40.37775084963075,,4.428022535224829
2024-06-18 02:15:00,3.996,4.061,3.99,4.044,312659.0,4.4126900000000004,27.851925201672334,,4.428022535224829
2024-06-18 02:30:00,4.046,4.067,4.014,4.015,204417.2,4.40643,18.209655133341098,,4.428022535224829
2024-06-18 02:45:00,4.015,4.046,4.007,4.036,219547.7,4.40026,19.557492727217824,,4.427275405123358
2024-06-18 03:00:00,4.034,4.073,4.024,4.07,172303.0,4.39462,15.348895339727141,,4.427021775820021
2024-06-18 03:15:00,4.069,4.09,4.055,4.069,179871.1,4.38935,16.023068017049006,,4.421947236417161
2024-06-18 03:30:00,4.07,4.073,4.053,4.053,153389.0,4.38387,13.664020401649458,,4.376811916928996
2024-06-18 03:45:00,4.052,4.06,4.04,4.043,257405.5,4.37834,22.9298972122954,,4.33326735736771
2024-06-18 04:00:00,4.043,4.046,3.999,4.027,251055.1,4.37266,22.36419826935533,,4.298872020600895
2024-06-18 04:15:00,4.028,4.049,4.021,4.043,126467.1,4.36721,16.74293634969934,,4.291890303372195
2024-06-18 04:30:00,4.041,4.057,4.034,4.054,48549.0,4.3618500000000004,10.710813334807066,,4.282120260033311
2024-06-18 04:45:00,4.054,4.059,4.046,4.05,49527.3,4.35654,15.840676263916919,,4.264603080028552
2024-06-18 05:00:00,4.051,4.073,4.047,4.064,188020.1,4.351520000000001,73.04432111978959,,4.260374068595903
2024-06-18 05:15:00,4.065,4.08,4.058,4.077,114342.1,4.346430000000001,44.42100110525999,,4.256463487367917
2024-06-18 05:30:00,4.077,4.08,4.062,4.063,68390.1,4.34118,26.56901270563372,,4.244540132029642
2024-06-18 05:45:00,4.062,4.066,4.03,4.038,123462.2,4.33541,47.964087791441905,,4.222462970311122
2024-06-18 06:00:00,4.039,4.051,4.035,4.046,151361.8,4.32969,58.80286163271569,,4.203968260266676
2024-06-18 06:15:00,4.045,4.05,4.031,4.034,125155.4,4.32375,48.62188259380627,,4.192044223085722
2024-06-18 06:30:00,4.034,4.035,4.019,4.023,79945.5,4.31788,31.84380639947167,,4.1683236197877624
2024-06-18 06:45:00,4.023,4.027,4.008,4.011,72920.2,4.312200000000001,38.78319392447935,,4.152205959818082
2024-06-18 07:00:00,4.011,4.035,4.01,4.033,83275.6,4.30702,44.290796569090226,,4.152205959818082
2024-06-18 07:15:00,4.033,4.048,4.024,4.04,96310.4,4.301819999999999,51.223459619476856,,4.152205959818082
2024-06-18 07:30:00,4.04,4.042,4.027,4.039,38691.4,4.2968,20.578331784740037,,4.152205959818082
2024-06-18 07:45:00,4.039,4.043,4.028,4.029,22248.0,4.29189,14.698556703210455,,4.151948947906803
2024-06-18 08:00:00,4.03,4.03,4.016,4.022,69726.7,4.28719,46.066246569477904,,4.132813383920117
2024-06-18 08:15:00,4.021,4.021,4.008,4.017,75370.6,4.282220000000001,49.79499450984331,,4.118625757645815
2024-06-18 08:30:00,4.017,4.048,4.016,4.047,106837.4,4.27777,70.58412360318125,,4.118625757645815
2024-06-18 08:45:00,4.048,4.054,4.042,4.049,147937.6,4.27337,118.20312986894693,,4.118625757645815
2024-06-18 09:00:00,4.049,4.051,4.042,4.048,117868.5,4.26884,79.67447085798337,,4.118625757645815
2024-06-18 09:15:00,4.047,4.048,4.026,4.028,75389.5,4.2643699999999995,50.9603373314154,,4.118625757645815
2024-06-18 09:30:00,4.029,4.038,4.026,4.032,26894.8,4.26012,18.179827170374537,,4.118625757645815
2024-06-18 09:45:00,4.033,4.036,4.017,4.017,45533.2,4.25569,30.778652621105113,,4.118625757645815
2024-06-18 10:00:00,4.019,4.02,3.993,3.994,111105.7,4.25106,75.10308400298504,,4.1055058237303195
2024-06-18 10:15:00,3.995,4.012,3.992,4.01,87210.2,4.24647,58.950665686073044,,4.101147848911702
2024-06-18 10:30:00,4.01,4.024,4.005,4.011,108331.9,4.242319999999999,73.2281042818053,,4.101147848911702
2024-06-18 10:45:00,4.01,4.01,3.99,3.992,68428.0,4.2382800000000005,46.254637090232634,,4.099475970629006
2024-06-18 11:00:00,3.991,3.996,3.96,3.968,135368.4,4.2343,91.50371507987151,,4.088979403396291
2024-06-18 11:15:00,3.965,3.974,3.942,3.942,153803.9,4.23012,103.96538810958133,,4.075982345768249
2024-06-18 11:30:00,3.942,3.957,3.923,3.94,195213.7,4.22567,126.92376461195067,,4.0654134392299275
2024-06-18 11:45:00,3.939,3.97,3.936,3.96,174310.0,4.22139,89.2918888377199,,4.0654134392299275
2024-06-18 12:00:00,3.959,3.978,3.932,3.933,221225.3,4.216670000000001,113.3246795691081,,4.0654134392299275
2024-06-18 12:15:00,3.934,3.943,3.902,3.91,199566.8,4.2116,90.2097544901058,,4.0654134392299275
2024-06-18 12:30:00,3.91,3.96,3.906,3.916,502803.9,4.20679,227.28137333297775,,4.0654134392299275
2024-06-18 12:45:00,3.916,3.948,3.908,3.948,341808.9,4.2023,67.98055862335197,,4.0654134392299275
2024-06-18 13:00:00,3.948,3.979,3.93,3.958,621504.2,4.19803,123.60767289195647,,4.0654134392299275
2024-06-18 13:15:00,3.957,3.967,3.935,3.942,179011.9,4.19361,28.803007284584723,,4.0654134392299275
2024-06-18 13:30:00,3.944,3.946,3.903,3.934,328921.1,4.18914,52.92339134634971,,4.0654134392299275
2024-06-18 13:45:00,3.933,3.942,3.907,3.914,338787.7,4.1846,54.51092687708306,,4.0654134392299275
2024-06-18 14:00:00,3.911,3.939,3.873,3.938,463485.5,4.18014,74.57479772461716,,4.0654134392299275
2024-06-18 14:15:00,3.938,3.986,3.938,3.972,435472.9,4.1761,70.06757154658006,,4.0654134392299275
2024-06-18 14:30:00,3.972,4.023,3.966,4.008,342344.7,4.17272,55.08324802953866,,4.0654134392299275
2024-06-18 14:45:00,4.01,4.023,3.945,3.953,264833.3,4.16907,42.61166698471226,,4.0654134392299275
2024-06-18 15:00:00,3.952,3.967,3.922,3.935,439397.1,4.165039999999999,70.6989751638042,,4.0654134392299275
2024-06-18 15:15:00,3.935,3.977,3.928,3.952,235832.8,4.1610499999999995,37.945487737653266,,4.0654134392299275
2024-06-18 15:30:00,3.954,4.005,3.954,3.999,291824.5,4.15728,46.95454994511703,,4.0654134392299275
2024-06-18 15:45:00,4.0,4.012,3.973,3.992,134882.6,4.15363,29.101794986035163,,4.0654134392299275
2024-06-18 16:00:00,3.991,3.996,3.935,3.937,398587.7,4.14941,85.99787911380183,,4.0654134392299275
2024-06-18 16:15:00,3.937,3.958,3.917,3.955,277413.5,4.14555,59.853760257872146,,4.0654134392299275
2024-06-18 16:30:00,3.957,3.957,3.934,3.94,133549.3,4.141500000000001,28.814126871282916,,4.0654134392299275
2024-06-18 16:45:00,3.94,3.975,3.93,3.97,268429.0,4.13813,61.090298502197676,,4.0654134392299275
2024-06-18 17:00:00,3.971,3.998,3.961,3.991,303296.8,4.135000000000001,69.02567176706447,,4.0654134392299275
2024-06-18 17:15:00,3.991,3.995,3.952,3.953,147961.3,4.13156,33.673708816011754,,4.0654134392299275
2024-06-18 17:30:00,3.954,3.978,3.943,3.97,232827.3,4.12765,52.98790092151268,,4.0654134392299275
2024-06-18 17:45:00,3.967,3.967,3.945,3.951,116882.3,4.12356,29.324111105284985,,4.0654134392299275
2024-06-18 18:00:00,3.952,3.966,3.923,3.959,172548.3,4.11924,43.28992088817593,,4.0654134392299275
2024-06-18 18:15:00,3.96,3.981,3.96,3.965,132130.2,4.11511,33.14959292522072,,4.0654134392299275
2024-06-18 18:30:00,3.965,3.975,3.946,3.967,144907.8,4.11062,36.35531151613559,,4.0654134392299275
2024-06-18 18:45:00,3.967,3.967,3.938,3.947,140186.8,4.1058,46.22099540779856,,4.0654134392299275
2024-06-18 19:00:00,3.946,3.954,3.913,3.923,294142.4,4.100440000000001,96.98170241163113,,4.0654134392299275
2024-06-18 19:15:00,3.922,3.986,3.919,3.938,371941.1,4.09528,122.63271488522135,,4.0654134392299275
2024-06-18 19:30:00,3.94,3.943,3.921,3.925,126674.1,4.08997,34.05756986791726,,4.0654134392299275
2024-06-18 19:45:00,3.927,3.958,3.913,3.955,253976.9,4.08473,68.28417187560073,,4.0654134392299275
2024-06-18 20:00:00,3.954,3.98,3.935,3.964,313550.0,4.07976,84.30098206409563,,4.0654134392299275
2024-06-18 20:15:00,3.964,3.974,3.947,3.947,186639.1,4.07456,50.17974620175077,,4.0654134392299275
2024-06-18 20:30:00,3.947,3.974,3.924,3.961,246910.0,4.06968,66.38416674037906,,4.0654134392299275
2024-06-18 20:45:00,3.962,4.018,3.962,4.013,345079.6,4.06545,92.77802318700462,,4.0654134392299275
2024-06-18 21:00:00,4.013,4.019,3.992,4.007,250986.0,4.06182,67.48003917824624,,4.0654134392299275
2024-06-18 21:15:00,4.008,4.031,4.007,4.017,224513.5,4.05805,60.36264881724553,,4.0654134392299275
2024-06-18 21:30:00,4.016,4.039,4.013,4.037,94768.0,4.05458,25.479303040185666,,4.0654134392299275
2024-06-18 21:45:00,4.037,4.047,4.035,4.042,72994.9,4.05147,19.625392300017396,,4.0654134392299275
2024-06-18 22:00:00,4.042,4.043,4.019,4.031,99312.6,4.0484,28.77962070200615,,4.0654134392299275
2024-06-18 22:15:00,4.033,4.042,4.031,4.034,39155.7,4.04512,11.346860260647109,,4.0654134392299275
2024-06-18 22:30:00,4.034,4.053,4.03,4.048,93339.9,4.041910000000001,27.048802653069032,,4.0654134392299275
2024-06-18 22:45:00,4.049,4.054,4.042,4.054,28302.3,4.03881,8.201672889385522,,4.0654134392299275
2024-06-18 23:00:00,4.054,4.055,4.043,4.049,63719.7,4.0356,18.465217880164463,,4.0654134392299275
2024-06-18 23:15:00,4.05,4.063,4.049,4.054,104010.5,4.032509999999999,30.141016739326233,,4.0654134392299275
2024-06-18 23:30:00,4.054,4.058,4.046,4.047,77439.9,4.02934,30.85427075613779,,4.0654134392299275
2024-06-18 23:45:00,4.047,4.057,4.044,4.052,60211.8,4.02626,26.81878817977538,,4.0654134392299275
2024-06-19 00:00:00,4.052,4.055,4.02,4.027,124465.8,4.02302,119.6665721249297,,4.0654134392299275
2024-06-19 00:15:00,4.027,4.029,3.986,4.001,114007.2,4.01967,91.59720983595493,,4.0654134392299275
2024-06-19 00:30:00,4.001,4.05,4.0,4.044,142714.0,4.0168,114.6612161734388,,4.0654134392299275
2024-06-19 00:45:00,4.046,4.061,4.043,4.055,145424.5,4.0140199999999995,101.89925305155766,,4.0654134392299275
2024-06-19 01:00:00,4.056,4.148,4.053,4.135,424519.3,4.01217,291.91731792098307,3.917181961169649,
2024-06-19 01:15:00,4.136,4.14,4.105,4.106,374320.5,4.01028,88.17514303825527,3.940370252431128,
2024-06-19 01:30:00,4.108,4.117,4.069,4.076,313161.6,4.00856,73.76851888712716,3.940370252431128,
2024-06-19 01:45:00,4.074,4.092,4.049,4.092,192004.7,4.006959999999999,45.22873282793032,3.940370252431128,
2024-06-19 02:00:00,4.092,4.134,4.088,4.119,219267.3,4.00586,51.65072589161435,3.940370252431128,
2024-06-19 02:15:00,4.12,4.153,4.12,4.151,186736.0,4.00582,43.98763495558388,3.9415853174305466,
2024-06-19 02:30:00,4.151,4.153,4.126,4.127,111055.5,4.00831,26.160294714515924,3.953144557797612,
2024-06-19 02:45:00,4.127,4.138,4.109,4.131,147452.4,4.00945,34.733968514505705,3.953144557797612,
2024-06-19 03:00:00,4.13,4.154,4.127,4.14,168885.1,4.01089,39.78266712491046,3.9665449812390614,
2024-06-19 03:15:00,4.14,4.173,4.128,4.156,185896.7,4.01201,43.78992898556085,3.9692528410620533,
2024-06-19 03:30:00,4.157,4.17,4.142,4.168,247716.8,4.01354,58.352305772670405,3.9806452923389033,
2024-06-19 03:45:00,4.167,4.176,4.161,4.164,108888.9,4.014819999999999,29.089750628138187,4.007481679147631,
2024-06-19 04:00:00,4.165,4.197,4.162,4.186,157996.3,4.01598,50.45200305529158,4.016484296412255,
2024-06-19 04:15:00,4.186,4.191,4.177,4.186,67253.6,4.01715,27.149389948521865,4.034272254067646,
2024-06-19 04:30:00,4.187,4.187,4.174,4.183,65333.3,4.01845,26.37419020429781,4.042876217772269,
2024-06-19 04:45:00,4.183,4.197,4.171,4.172,93828.2,4.01974,37.87720493725093,4.047465329519087,
2024-06-19 05:00:00,4.173,4.178,4.139,4.149,146706.3,4.02096,59.22339542574423,4.047465329519087,
2024-06-19 05:15:00,4.148,4.162,4.133,4.145,135855.4,4.02198,54.84303042829554,4.047465329519087,
2024-06-19 05:30:00,4.145,4.16,4.143,4.145,52393.1,4.02289,21.150402394992994,4.047465329519087,
2024-06-19 05:45:00,4.144,4.151,4.133,4.142,54335.9,4.02381,21.934685092008294,4.047465329519087,
2024-06-19 06:00:00,4.142,4.159,4.138,4.155,68915.2,4.024719999999999,27.82015591998605,4.047465329519087,
2024-06-19 06:15:00,4.156,4.163,4.149,4.151,41940.0,4.02546,26.544925419139563,4.047465329519087,
2024-06-19 06:30:00,4.151,4.169,4.149,4.164,55294.4,4.02647,34.99727525264832,4.047465329519087,
2024-06-19 06:45:00,4.162,4.183,4.158,4.181,90673.4,4.0279,61.80607104125726,4.0535828103009175,
2024-06-19 07:00:00,4.182,4.203,4.18,4.195,159637.6,4.029389999999999,108.81441355960855,4.074856694543642,
2024-06-19 07:15:00,4.194,4.194,4.169,4.171,95788.0,4.03076,60.00340771848236,4.074856694543642,
2024-06-19 07:30:00,4.17,4.188,4.165,4.176,60316.4,4.032290000000001,37.783329240730254,4.074856694543642,
2024-06-19 07:45:00,4.177,4.191,4.177,4.189,56811.9,4.03407,35.58804442061269,4.074856694543642,
2024-06-19 08:00:00,4.189,4.194,4.17,4.175,67009.3,4.035489999999999,41.975887886061926,4.074856694543642,
2024-06-19 08:15:00,4.174,4.181,4.158,4.16,90622.9,4.03669,56.76789177487008,4.074856694543642,
2024-06-19 08:30:00,4.16,4.161,4.141,4.148,143691.6,4.03778,90.01112519857477,4.074856694543642,
2024-06-19 08:45:00,4.148,4.153,4.132,4.145,95104.3,4.03894,59.575125158483964,4.074856694543642,
2024-06-19 09:00:00,4.144,4.158,4.143,4.149,38004.6,4.04021,23.80679739610217,4.074856694543642,
2024-06-19 09:15:00,4.149,4.155,4.123,4.133,108254.8,4.04137,67.81284609640836,4.074856694543642,
2024-06-19 09:30:00,4.133,4.139,4.119,4.121,57686.0,4.04211,36.135597127493774,4.074856694543642,
2024-06-19 09:45:00,4.124,4.145,4.121,4.133,109566.3,4.04295,76.25101258528682,4.074856694543642,
2024-06-19 10:00:00,4.136,4.145,4.128,4.133,64640.6,4.0438,44.985649822258225,4.074856694543642,
2024-06-19 10:15:00,4.13,4.136,4.12,4.122,62387.8,4.044740000000001,43.41784766820051,4.074856694543642,
2024-06-19 10:30:00,4.122,4.132,4.113,4.114,149756.6,4.04556,104.22084519902346,4.074856694543642,
2024-06-19 10:45:00,4.114,4.17,4.113,4.17,282642.1,4.04709,188.73431955586597,4.074856694543642,
2024-06-19 11:00:00,4.17,4.173,4.118,4.135,232115.2,4.048500000000001,82.12336378763108,4.074856694543642,
2024-06-19 11:15:00,4.135,4.139,4.119,4.132,82135.4,4.04972,29.059860509103206,4.074856694543642,
2024-06-19 11:30:00,4.132,4.133,4.085,4.102,171228.3,4.05063,60.581314673221016,4.074856694543642,
2024-06-19 11:45:00,4.103,4.105,4.084,4.102,64781.0,4.05173,22.91979857211647,4.074856694543642,
2024-06-19 12:00:00,4.102,4.127,4.099,4.108,153178.7,4.05313,54.19528796311662,4.074856694543642,
2024-06-19 12:15:00,4.109,4.12,4.104,4.115,69021.8,4.05486,24.42021199248095,4.074856694543642,
2024-06-19 12:30:00,4.116,4.136,4.109,4.122,132871.2,4.05668,47.01040644688106,4.074856694543642,
2024-06-19 12:45:00,4.121,4.148,4.119,4.141,120349.1,4.05849,42.58003319392264,4.074856694543642,
2024-06-19 13:00:00,4.14,4.148,4.132,4.137,53720.9,4.06053,19.006687255720223,4.074856694543642,
2024-06-19 13:15:00,4.137,4.144,4.129,4.138,47213.0,4.06281,16.704164029350192,4.074856694543642,
2024-06-19 13:30:00,4.138,4.138,4.114,4.132,88960.4,4.06497,38.325969173927426,4.074856694543642,
2024-06-19 13:45:00,4.132,4.136,4.115,4.118,61208.2,4.066669999999999,35.74654423363428,4.074856694543642,
2024-06-19 14:00:00,4.118,4.118,4.088,4.09,190393.4,4.06799,111.19271755895493,4.074856694543642,
2024-06-19 14:15:00,4.092,4.096,4.06,4.07,110433.5,4.06927,58.00279841633166,,4.210030317204113
2024-06-19 14:30:00,4.07,4.078,4.056,4.075,70054.4,4.070679999999999,36.79455275235381,,4.195883129032098
2024-06-19 14:45:00,4.075,4.088,4.061,4.069,104638.1,4.07223,54.95889038170441,,4.195883129032098
2024-06-19 15:00:00,4.067,4.096,4.064,4.094,86963.7,4.07379,45.67579548450734,,4.195883129032098
2024-06-19 15:15:00,4.095,4.098,4.075,4.075,53887.8,4.07482,28.303397071537145,,4.195883129032098
2024-06-19 15:30:00,4.075,4.081,4.065,4.07,69636.0,4.0754399999999995,36.57479723561846,,4.195883129032098
2024-06-19 15:45:00,4.07,4.086,4.067,4.085,76047.5,4.07676,39.94229842000826,,4.195883129032098
2024-06-19 16:00:00,4.086,4.098,4.073,4.083,123733.8,4.07824,64.98849224815567,,4.195883129032098
2024-06-19 16:15:00,4.083,4.105,4.069,4.101,128633.3,4.0797300000000005,67.56184825734506,,4.195883129032098
2024-06-19 16:30:00,4.1,4.119,4.098,4.115,84931.0,4.08089,44.60816393845585,,4.195883129032098
2024-06-19 16:45:00,4.114,4.121,4.096,4.099,42091.2,4.08196,32.72185351693535,,4.195883129032098
2024-06-19 17:00:00,4.098,4.136,4.094,4.132,125948.0,4.08391,97.9124379145991,,4.195883129032098
2024-06-19 17:15:00,4.132,4.159,4.127,4.143,83970.7,4.085789999999999,65.27913067611574,,4.195883129032098
2024-06-19 17:30:00,4.142,4.142,4.12,4.125,56395.9,4.08764,43.84237985031869,,4.195883129032098
2024-06-19 17:45:00,4.125,4.131,4.118,4.123,39798.6,4.08917,30.939577854257024,,4.195883129032098
2024-06-19 18:00:00,4.124,4.129,4.111,4.118,73959.5,4.09044,57.496387016425764,,4.195883129032098
2024-06-19 18:15:00,4.117,4.13,4.113,4.113,36308.7,4.09204,28.226516772872962,,4.195883129032098
2024-06-19 18:30:00,4.113,4.122,4.108,4.116,21769.5,4.093500000000001,16.92368927797079,,4.195883129032098
2024-06-19 18:45:00,4.117,4.118,4.1,4.103,37280.0,4.09502,28.981608961287627,,4.195883129032098
2024-06-19 19:00:00,4.102,4.102,4.088,4.091,71640.1,4.0963400000000005,56.880696795502914,,4.195883129032098
2024-06-19 19:15:00,4.091,4.095,4.077,4.08,41065.1,4.0974900000000005,32.604805157684126,,4.186581722921921
2024-06-19 19:30:00,4.081,4.093,4.076,4.083,56853.3,4.09865,45.14029599517261,,4.182855762504504
2024-06-19 19:45:00,4.083,4.093,4.08,4.088,20984.8,4.10006,24.99062172876968,,4.180090653575289
2024-06-19 20:00:00,4.087,4.089,4.072,4.072,58828.1,4.10155,79.54096498759456,,4.172863417350249
2024-06-19 20:15:00,4.073,4.09,4.066,4.089,56899.3,4.10306,76.93305119693886,,4.172863417350249
2024-06-19 20:30:00,4.089,4.1,4.076,4.077,68341.1,4.1045799999999995,92.40340997437788,,4.172863417350249
2024-06-19 20:45:00,4.076,4.093,4.073,4.093,37209.4,4.10596,51.93934681833219,,4.172863417350249
2024-06-19 21:00:00,4.093,4.122,4.089,4.118,94009.4,4.1075,131.22455161285367,,4.172863417350249
2024-06-19 21:15:00,4.117,4.143,4.117,4.142,154312.6,4.10945,164.14592583294862,,4.172863417350249
2024-06-19 21:30:00,4.142,4.142,4.133,4.135,19172.0,4.11119,12.424131276383134,,4.172863417350249
2024-06-19 21:45:00,4.134,4.135,4.125,4.125,21592.2,4.11231,13.99250612069267,,4.172863417350249
2024-06-19 22:00:00,4.126,4.127,4.103,4.107,76949.9,4.11331,49.866245530177046,,4.172863417350249
2024-06-19 22:15:00,4.107,4.119,4.105,4.113,33057.9,4.11427,21.422683565697163,,4.172863417350249
2024-06-19 22:30:00,4.11,4.111,4.099,4.111,77625.7,4.11501,50.30418773321168,,4.172863417350249
2024-06-19 22:45:00,4.11,4.111,4.086,4.086,47155.2,4.11545,30.558230500944187,,4.172863417350249
2024-06-19 23:00:00,4.086,4.093,4.081,4.093,41737.6,4.11607,27.047434882180717,,4.172863417350249
2024-06-19 23:15:00,4.095,4.096,4.08,4.084,39791.0,4.116569999999999,25.785969519015296,,4.172863417350249
2024-06-19 23:30:00,4.083,4.083,4.063,4.071,107695.9,4.1168000000000005,69.7907364661084,,4.1644458930784936
2024-06-19 23:45:00,4.07,4.091,4.069,4.089,48578.0,4.1171500000000005,31.480255014820564,,4.1644458930784936
2024-06-20 00:00:00,4.088,4.096,4.066,4.095,97109.9,4.11761,90.17047074215454,,4.1644458930784936
2024-06-20 00:15:00,4.096,4.097,4.076,4.082,71135.7,4.11789,66.0523752529112,,4.1644458930784936
2024-06-20 00:30:00,4.079,4.127,4.079,4.12,158752.7,4.11862,147.4083043087063,,4.1644458930784936
2024-06-20 00:45:00,4.118,4.118,4.09,4.113,144935.4,4.11923,91.2963370071816,,4.1644458930784936
2024-06-20 01:00:00,4.114,4.136,4.101,4.135,137642.3,4.12031,86.70233640120765,,4.1644458930784936
2024-06-20 01:15:00,4.135,4.165,4.132,4.16,168716.6,4.1219,106.27636569330788,,4.1644458930784936
2024-06-20 01:30:00,4.161,4.191,4.149,4.166,295904.2,4.12312,175.3853503448979,4.0220047742933485,
2024-06-20 01:45:00,4.167,4.17,4.129,4.143,162600.8,4.1240000000000006,54.950487353677296,4.0220047742933485,
2024-06-20 02:00:00,4.143,4.145,4.114,4.127,103328.3,4.123920000000001,34.91951111204234,4.0220047742933485,
2024-06-20 02:15:00,4.125,4.146,4.116,4.133,174680.7,4.12419,59.03285590403921,4.0220047742933485,
2024-06-20 02:30:00,4.132,4.146,4.121,4.127,96438.0,4.124700000000001,32.590953423439075,4.0220047742933485,
2024-06-20 02:45:00,4.127,4.131,4.121,4.131,29048.9,4.12509,9.816994824676364,4.0220047742933485,
2024-06-20 03:00:00,4.131,4.133,4.117,4.118,37679.3,4.12508,12.733614460355751,4.0220047742933485,
2024-06-20 03:15:00,4.118,4.127,4.113,4.12,48538.3,4.12477,16.403383257148764,4.0220047742933485,
2024-06-20 03:30:00,4.118,4.135,4.117,4.129,40792.5,4.12479,13.785711726971094,4.0220047742933485,
2024-06-20 03:45:00,4.129,4.146,4.129,4.137,77917.0,4.12485,26.331833073001327,4.026158605434627,
2024-06-20 04:00:00,4.136,4.138,4.114,4.116,69109.6,4.1246100000000006,23.355396780444483,4.026158605434627,
2024-06-20 04:15:00,4.116,4.147,4.115,4.143,76902.2,4.12448,44.0244400211357,4.026158605434627,
2024-06-20 04:30:00,4.142,4.193,4.142,4.178,189430.3,4.12458,108.4437490804651,4.028768976017142,
2024-06-20 04:45:00,4.178,4.195,4.172,4.188,172074.8,4.124820000000001,90.83805494685909,4.048159122300407,
2024-06-20 05:00:00,4.188,4.224,4.184,4.203,258033.4,4.1249899999999995,136.2154840065185,4.05942210482892,
2024-06-20 05:15:00,4.203,4.206,4.186,4.192,87277.1,4.12505,33.82395457332268,4.05942210482892,
2024-06-20 05:30:00,4.193,4.221,4.19,4.212,88648.4,4.12534,34.35539740204175,4.064891750486554,
2024-06-20 05:45:00,4.214,4.27,4.214,4.258,167873.1,4.1262,65.05867069921956,4.080050071845617,
2024-06-20 06:00:00,4.259,4.343,4.259,4.336,485393.1,4.128069999999999,188.11250791564194,4.101471490153386,
2024-06-20 06:15:00,4.335,4.337,4.274,4.287,328489.0,4.1294900000000005,67.6748392179452,4.101471490153386,
2024-06-20 06:30:00,4.286,4.304,4.275,4.282,173058.8,4.13086,35.65332922944311,4.101471490153386,
2024-06-20 06:45:00,4.282,4.295,4.266,4.284,109500.3,4.13228,22.55909694637192,4.101471490153386,
2024-06-20 07:00:00,4.283,4.309,4.283,4.306,159494.1,4.13379,32.858748919175,4.10841609797534,
2024-06-20 07:15:00,4.306,4.347,4.306,4.333,194317.5,4.13561,40.03301653855401,4.1364280839788625,
2024-06-20 07:30:00,4.336,4.372,4.336,4.361,176591.2,4.13758,36.381069281784185,4.163224071981882,
2024-06-20 07:45:00,4.361,4.377,4.347,4.377,128967.7,4.13954,26.56974316280969,4.1770492045559,
2024-06-20 08:00:00,4.378,4.387,4.344,4.351,130257.7,4.1411,26.83550713844099,4.1770492045559,
2024-06-20 08:15:00,4.352,4.361,4.341,4.347,112184.8,4.14286,23.11215383984651,4.1770492045559,
2024-06-20 08:30:00,4.347,4.351,4.321,4.331,83912.6,4.14441,17.287555179502963,4.1770492045559,
2024-06-20 08:45:00,4.332,4.384,4.316,4.375,275386.4,4.14627,83.8342836442012,4.1770492045559,
2024-06-20 09:00:00,4.376,4.417,4.35,4.35,288583.2,4.14802,104.79210302324297,4.1770492045559,
2024-06-20 09:15:00,4.351,4.362,4.343,4.351,162901.3,4.14993,56.44864288704262,4.1770492045559,
2024-06-20 09:30:00,4.351,4.369,4.348,4.352,157849.4,4.15197,54.69805588128484,4.1770492045559,
2024-06-20 09:45:00,4.352,4.355,4.343,4.352,72250.3,4.15404,25.03621139414907,4.181338943661604,
2024-06-20 10:00:00,4.352,4.363,4.332,4.35,176469.8,4.15605,61.150406537871916,4.18164766599566,
2024-06-20 10:15:00,4.352,4.366,4.344,4.354,107767.6,4.15826,37.343684594252196,4.197126570853424,
2024-06-20 10:30:00,4.357,4.377,4.356,4.364,57905.9,4.16069,20.065582473269405,4.214751346445792,
2024-06-20 10:45:00,4.364,4.414,4.364,4.408,140369.5,4.16344,48.64091187567398,4.223215439810678,
2024-06-20 11:00:00,4.407,4.456,4.399,4.454,250809.3,4.166650000000001,86.91056859858786,4.244684662694867,
2024-06-20 11:15:00,4.454,4.466,4.435,4.462,127485.4,4.17005,44.17630686748223,4.271658282309886,
2024-06-20 11:30:00,4.462,4.469,4.405,4.411,189918.8,4.17302,65.81076098677954,4.271658282309886,
2024-06-20 11:45:00,4.413,4.417,4.397,4.407,155007.2,4.17539,61.802811937196914,4.271658282309886,
2024-06-20 12:00:00,4.408,4.428,4.396,4.415,121972.2,4.17819,48.63145026918858,4.271658282309886,
2024-06-20 12:15:00,4.414,4.419,4.368,4.385,314695.4,4.18072,125.47198209954736,4.271658282309886,
2024-06-20 12:30:00,4.386,4.4,4.364,4.373,233865.9,4.18343,74.31500428668484,4.271658282309886,
2024-06-20 12:45:00,4.372,4.394,4.36,4.367,201752.6,4.1860800000000005,64.11043822057773,4.271658282309886,
2024-06-20 13:00:00,4.367,4.375,4.341,4.346,133671.8,4.18846,42.476566228804096,4.271658282309886,
2024-06-20 13:15:00,4.346,4.347,4.266,4.285,530307.3,4.1901600000000006,168.5144746316597,4.271658282309886,
2024-06-20 13:30:00,4.285,4.317,4.261,4.3,235399.1,4.19194,44.38918717505869,4.271658282309886,
2024-06-20 13:45:00,4.3,4.314,4.264,4.264,191821.4,4.19317,36.17174419435674,,4.517884051883755
2024-06-20 14:00:00,4.265,4.276,4.195,4.219,505729.0,4.19399,95.3652721733229,,4.489543473043218
2024-06-20 14:15:00,4.218,4.259,4.183,4.258,362412.1,4.19519,68.34001719380441,,4.489543473043218
2024-06-20 14:30:00,4.258,4.259,4.233,4.244,169709.1,4.19631,32.00202976651462,,4.489543473043218
2024-06-20 14:45:00,4.245,4.261,4.229,4.254,138494.7,4.19767,26.11593315800103,,4.483639621508266
2024-06-20 15:00:00,4.251,4.262,4.228,4.255,182002.4,4.199319999999999,34.32017624498097,,4.473833961292799
2024-06-20 15:15:00,4.257,4.257,4.229,4.244,179472.6,4.20106,33.84313208586794,,4.459143395393829
2024-06-20 15:30:00,4.242,4.279,4.241,4.275,157224.7,4.20306,29.647847578187214,,4.459143395393829
2024-06-20 15:45:00,4.275,4.278,4.24,4.242,144102.7,4.20479,27.17343321504343,,4.459143395393829
2024-06-20 16:00:00,4.24,4.245,4.18,4.206,351536.1,4.20591,69.51076564721421,,4.438249193600779
2024-06-20 16:15:00,4.205,4.225,4.198,4.217,183487.4,4.20733,36.28176355320735,,4.424285023086381
2024-06-20 16:30:00,4.215,4.251,4.204,4.244,151899.0,4.2090700000000005,30.03565150505508,,4.424285023086381
2024-06-20 16:45:00,4.246,4.266,4.245,4.25,121668.6,4.21072,33.571892329202036,,4.424285023086381
2024-06-20 17:00:00,4.252,4.262,4.222,4.252,183910.6,4.21241,52.31627704807558,,4.424285023086381
2024-06-20 17:15:00,4.249,4.251,4.241,4.244,32052.3,4.21384,9.117783351411136,,4.424285023086381
2024-06-20 17:30:00,4.243,4.258,4.233,4.253,90545.1,4.2152199999999995,25.75698484451526,,4.41754803590883
2024-06-20 17:45:00,4.252,4.276,4.239,4.268,133492.0,4.21691,37.97390936521171,,4.41754803590883
2024-06-20 18:00:00,4.268,4.297,4.265,4.267,152857.1,4.21826,43.482618143627356,,4.41754803590883
2024-06-20 18:15:00,4.266,4.299,4.264,4.293,88106.9,4.21976,25.063400316496658,,4.41754803590883
2024-06-20 18:30:00,4.292,4.293,4.268,4.271,66401.9,4.22122,18.88906999878533,,4.41754803590883
2024-06-20 18:45:00,4.271,4.284,4.269,4.276,22729.9,4.22275,12.359211486450482,,4.41754803590883
2024-06-20 19:00:00,4.276,4.287,4.266,4.282,89972.6,4.22439,48.92192184681035,,4.41754803590883
2024-06-20 19:15:00,4.282,4.284,4.249,4.278,126376.8,4.22604,68.71643070056864,,4.4165065011543705
2024-06-20 19:30:00,4.277,4.277,4.264,4.276,57725.6,4.22764,31.38785910110673,,4.409077000989461
2024-06-20 19:45:00,4.275,4.284,4.266,4.283,90236.2,4.22944,59.03304458870409,,4.406637429419538
2024-06-20 20:00:00,4.283,4.32,4.282,4.294,161697.8,4.23147,105.78363713559918,,4.406637429419538
2024-06-20 20:15:00,4.294,4.309,4.292,4.294,79054.1,4.23361,48.890028188386,,4.406637429419538
2024-06-20 20:30:00,4.295,4.309,4.289,4.307,63943.5,4.23585,39.545064929764045,,4.406637429419538
2024-06-20 20:45:00,4.307,4.317,4.306,4.313,40698.7,4.2381,25.169606512890095,,4.406637429419538
2024-06-20 21:00:00,4.313,4.337,4.31,4.327,150263.7,4.24065,92.92872259239151,,4.406637429419538
2024-06-20 21:15:00,4.326,4.354,4.318,4.346,152502.3,4.24322,94.31315701264951,,4.406637429419538
2024-06-20 21:30:00,4.347,4.365,4.321,4.332,170562.2,4.24577,105.48207829667442,,4.406637429419538
2024-06-20 21:45:00,4.331,4.332,4.326,4.328,9905.4,4.24812,5.807500137779648,,4.406637429419538
2024-06-20 22:00:00,4.328,4.335,4.326,4.329,29486.2,4.250229999999999,17.28765224651183,,4.406637429419538
2024-06-20 22:15:00,4.329,4.329,4.316,4.319,36285.9,4.252,21.274291724661147,,4.406637429419538
2024-06-20 22:30:00,4.318,4.321,4.291,4.292,100290.5,4.25357,58.79995684858661,,4.406637429419538
2024-06-20 22:45:00,4.292,4.298,4.28,4.286,77876.2,4.25518,45.658533954182104,,4.398840751279047
2024-06-20 23:00:00,4.286,4.286,4.264,4.267,88683.3,4.25678,51.994697535561805,,4.3848635010963255
2024-06-20 23:15:00,4.266,4.27,4.244,4.245,121891.6,4.2581,71.46460352880064,,4.36974014379685
2024-06-20 23:30:00,4.244,4.253,4.243,4.25,86345.7,4.25949,50.624171123496296,,4.351777266111586
2024-06-20 23:45:00,4.249,4.251,4.241,4.244,31319.8,4.26107,18.3626852843127,,4.342094799524217
2024-06-21 00:00:00,4.245,4.252,4.221,4.226,113185.1,4.2624,66.36001411801676,,4.341009828163614
2024-06-21 00:15:00,4.228,4.268,4.217,4.261,212958.1,4.26417,174.7110547404415,,4.341009828163614
2024-06-21 00:30:00,4.258,4.291,4.245,4.279,212968.4,4.26625,100.00483663218257,,4.341009828163614
2024-06-21 00:45:00,4.278,4.283,4.257,4.26,100617.5,4.2679599999999995,47.24527206853224,,4.341009828163614
2024-06-21 01:00:00,4.264,4.309,4.255,4.275,248813.5,4.26976,116.83118246650677,,4.341009828163614
2024-06-21 01:15:00,4.277,4.309,4.275,4.307,128934.7,4.27201,51.81981685077377,,4.341009828163614
2024-06-21 01:30:00,4.308,4.324,4.306,4.315,74369.9,4.27396,29.88981707182287,,4.341009828163614
2024-06-21 01:45:00,4.315,4.329,4.314,4.326,57518.4,4.27609,23.117073631454886,,4.341009828163614
2024-06-21 02:00:00,4.326,4.34,4.31,4.319,107867.5,4.27793,43.35275216175971,,4.341009828163614
2024-06-21 02:15:00,4.319,4.323,4.304,4.313,74300.3,4.27946,29.86184431311002,,4.341009828163614
2024-06-21 02:30:00,4.314,4.317,4.281,4.289,94004.7,4.28069,37.78118952548797,,4.341009828163614
2024-06-21 02:45:00,4.289,4.293,4.279,4.283,84957.8,4.28209,34.14517299101536,,4.341009828163614
2024-06-21 03:00:00,4.281,4.287,4.267,4.286,90216.6,4.28368,36.258723903646704,,4.341009828163614
2024-06-21 03:15:00,4.286,4.286,4.275,4.275,12278.6,4.2851,4.934860849592164,,4.341009828163614
2024-06-21 03:30:00,4.275,4.308,4.256,4.302,165746.7,4.28685,66.61483400217433,,4.341009828163614
2024-06-21 03:45:00,4.301,4.306,4.28,4.291,55147.9,4.28845,33.27239697683272,,4.341009828163614
2024-06-21 04:00:00,4.291,4.311,4.275,4.297,123488.6,4.29024,74.50440943922261,,4.341009828163614
2024-06-21 04:15:00,4.298,4.316,4.296,4.303,52874.0,4.29207,31.90048429320161,,4.341009828163614
2024-06-21 04:30:00,4.303,4.308,4.3,4.303,18808.6,4.29381,11.347797573043684,,4.341009828163614
2024-06-21 04:45:00,4.299,4.299,4.263,4.279,180144.4,4.29523,108.6865681187016,,4.341009828163614
2024-06-21 05:00:00,4.278,4.282,4.227,4.234,147363.8,4.29641,81.8031534702161,,4.341009828163614
2024-06-21 05:15:00,4.235,4.252,4.226,4.251,80414.7,4.29749,44.63902291717089,,4.341009828163614
2024-06-21 05:30:00,4.251,4.268,4.251,4.26,60190.5,4.29831,33.4123625269506,,4.341009828163614
2024-06-21 05:45:00,4.259,4.281,4.258,4.273,94853.5,4.29916,52.65414856082121,,4.341009828163614
2024-06-21 06:00:00,4.27,4.273,4.254,4.27,64372.8,4.29983,35.734000057731464,,4.341009828163614
2024-06-21 06:15:00,4.267,4.27,4.244,4.252,52003.0,4.30043,28.867397487793127,,4.341009828163614
2024-06-21 06:30:00,4.252,4.262,4.248,4.251,38591.5,4.30082,21.42253658731551,,4.341009828163614
2024-06-21 06:45:00,4.251,4.257,4.246,4.257,19481.4,4.300809999999999,10.814324508560912,,4.341009828163614
2024-06-21 07:00:00,4.257,4.282,4.257,4.272,119916.8,4.30017,66.56704288337578,,4.341009828163614
2024-06-21 07:15:00,4.273,4.283,4.264,4.277,78225.4,4.30007,43.42372008233394,,4.341009828163614
2024-06-21 07:30:00,4.276,4.279,4.237,4.237,104769.3,4.29962,71.0956829289147,,4.341009828163614
2024-06-21 07:45:00,4.238,4.239,4.196,4.206,258619.7,4.29884,215.6659450552383,,4.341009828163614
2024-06-21 08:00:00,4.206,4.221,4.188,4.21,154279.4,4.297879999999999,59.65492961286398,,4.341009828163614
2024-06-21 08:15:00,4.21,4.224,4.208,4.211,50521.6,4.29666,19.53509342095749,,4.341009828163614
2024-06-21 08:30:00,4.214,4.228,4.197,4.225,121685.2,4.2953,47.05179071818581,,4.341009828163614
2024-06-21 08:45:00,4.224,4.226,4.137,4.155,481504.5,4.29308,186.18245245818474,,4.341009828163614
2024-06-21 09:00:00,4.154,4.195,4.145,4.189,273100.7,4.29146,56.718203048985,,4.341009828163614
2024-06-21 09:15:00,4.188,4.232,4.185,4.225,179273.8,4.29024,37.232009254326805,,4.341009828163614
2024-06-21 09:30:00,4.225,4.276,4.225,4.259,356938.8,4.2895199999999996,74.12989909751622,,4.341009828163614
2024-06-21 09:45:00,4.258,4.291,4.249,4.271,246639.2,4.28848,51.222615780330194,,4.341009828163614
2024-06-21 10:00:00,4.271,4.289,4.255,4.258,185951.9,4.28756,38.61893294870557,,4.341009828163614
2024-06-21 10:15:00,4.259,4.263,4.24,4.241,98508.5,4.28646,20.458479619608955,,4.341009828163614
2024-06-21 10:30:00,4.241,4.27,4.235,4.261,104078.0,4.28555,21.615166628764634,,4.341009828163614
2024-06-21 10:45:00,4.261,4.269,4.247,4.25,60298.5,4.28453,12.522935922717233,,4.341009828163614
2024-06-21 11:00:00,4.248,4.266,4.248,4.254,31464.9,4.28357,6.534705283128195,,4.341009828163614
2024-06-21 11:15:00,4.255,4.257,4.244,4.25,40662.0,4.2825299999999995,8.444780889898226,,4.341009828163614
2024-06-21 11:30:00,4.25,4.253,4.222,4.223,137302.8,4.28112,38.46676236934734,,4.341009828163614
2024-06-21 11:45:00,4.223,4.242,4.214,4.237,128021.0,4.2794099999999995,35.86637261065483,,4.341009828163614
2024-06-21 12:00:00,4.236,4.253,4.198,4.205,192266.8,4.27692,53.86548058098475,,4.341009828163614
2024-06-21 12:15:00,4.205,4.22,4.184,4.211,167636.6,4.27441,67.96835215164499,,4.341009828163614
2024-06-21 12:30:00,4.21,4.218,4.198,4.202,116817.1,4.27232,60.757811541046095,,4.341009828163614
2024-06-21 12:45:00,4.202,4.217,4.187,4.211,103117.8,4.27036,53.63266044891786,,4.341009828163614
2024-06-21 13:00:00,4.213,4.214,4.184,4.198,94538.3,4.26819,49.17037158781444,,4.341009828163614
2024-06-21 13:15:00,4.191,4.21,4.167,4.172,145441.3,4.2660599999999995,75.64556127214891,,4.341009828163614
2024-06-21 13:30:00,4.172,4.199,4.162,4.193,198043.6,4.26426,103.00457489280521,,4.341009828163614
2024-06-21 13:45:00,4.191,4.191,4.143,4.168,181805.0,4.26227,91.80049241682134,,4.341009828163614
2024-06-21 14:00:00,4.168,4.223,4.149,4.219,213126.4,4.260999999999999,107.61589872129167,,4.341009828163614
2024-06-21 14:15:00,4.219,4.269,4.217,4.236,485933.7,4.26051,228.0025843818504,,4.341009828163614
2024-06-21 14:30:00,4.235,4.264,4.227,4.239,193912.9,4.2599,39.90521752247272,,4.341009828163614
2024-06-21 14:45:00,4.238,4.283,4.236,4.268,168712.2,4.259939999999999,34.71918082652016,,4.341009828163614
2024-06-21 15:00:00,4.271,4.29,4.27,4.272,167874.9,4.26047,34.54687336976217,,4.341009828163614
2024-06-21 15:15:00,4.271,4.271,4.234,4.244,189069.6,4.26033,38.90851776692993,,4.341009828163614
2024-06-21 15:30:00,4.244,4.254,4.194,4.208,228435.2,4.259969999999999,47.009540601938085,,4.341009828163614
2024-06-21 15:45:00,4.206,4.231,4.195,4.229,196591.9,4.259720000000001,40.45652729991766,,4.341009828163614
2024-06-21 16:00:00,4.23,4.242,4.21,4.226,119619.8,4.25943,24.61648574692391,,4.341009828163614
2024-06-21 16:15:00,4.225,4.238,4.212,4.222,81047.0,4.2592099999999995,16.678612740791593,,4.341009828163614
2024-06-21 16:30:00,4.22,4.235,4.217,4.224,61469.1,4.2587,12.649688630362537,,4.341009828163614
2024-06-21 16:45:00,4.224,4.23,4.211,4.217,62633.5,4.25845,12.889309796789151,,4.341009828163614
2024-06-21 17:00:00,4.216,4.237,4.212,4.223,78061.0,4.25862,34.17205404421035,,4.341009828163614
2024-06-21 17:15:00,4.221,4.221,4.16,4.174,210643.3,4.25819,92.21140174544028,,4.341009828163614
2024-06-21 17:30:00,4.173,4.189,4.162,4.188,144802.4,4.257630000000001,63.38882974252654,,4.341009828163614
2024-06-21 17:45:00,4.188,4.204,4.174,4.175,115546.6,4.256880000000001,50.58178424340907,,4.341009828163614
2024-06-21 18:00:00,4.176,4.183,4.164,4.178,108395.2,4.25614,47.451180903818674,,4.333785771373054
2024-06-21 18:15:00,4.178,4.203,4.157,4.193,191993.1,4.25563,91.14607490482726,,4.333785771373054
2024-06-21 18:30:00,4.193,4.228,4.191,4.216,161167.7,4.25526,76.5121416157077,,4.333785771373054
2024-06-21 18:45:00,4.216,4.259,4.216,4.257,136346.2,4.2551499999999995,64.72847700354107,,4.333785771373054
2024-06-21 19:00:00,4.258,4.267,4.231,4.238,168871.7,4.25486,80.16950930791533,,4.333785771373054
2024-06-21 19:15:00,4.238,4.254,4.236,4.24,59308.8,4.2543299999999995,28.156034395587234,,4.333785771373054
2024-06-21 19:30:00,4.241,4.257,4.241,4.257,44037.5,4.25419,20.90619544984341,,4.333785771373054
2024-06-21 19:45:00,4.256,4.263,4.238,4.245,95215.1,4.25388,45.202054848172246,,4.333785771373054
2024-06-21 20:00:00,4.244,4.258,4.24,4.242,94476.7,4.25348,49.20838300959774,,4.333785771373054
2024-06-21 20:15:00,4.242,4.275,4.238,4.244,137246.6,4.25314,71.48517316507728,,4.333785771373054
2024-06-21 20:30:00,4.243,4.247,4.229,4.237,76710.8,4.25275,39.95497754867232,,4.333785771373054
2024-06-21 20:45:00,4.237,4.251,4.234,4.246,46581.3,4.25238,24.261965664391063,,4.333785771373054
2024-06-21 21:00:00,4.247,4.252,4.238,4.247,39667.4,4.25191,23.489667007556623,,4.333785771373054
2024-06-21 21:15:00,4.247,4.248,4.206,4.211,53441.8,4.25108,31.64639190580778,,4.333785771373054
2024-06-21 21:30:00,4.211,4.223,4.208,4.222,27311.6,4.250229999999999,16.17298813241058,,4.333785771373054
2024-06-21 21:45:00,4.223,4.238,4.223,4.237,39502.0,4.24947,28.781769457312603,,4.333785771373054
2024-06-21 22:00:00,4.237,4.237,4.226,4.232,43637.9,4.24852,31.795250301282508,,4.333785771373054
2024-06-21 22:15:00,4.231,4.24,4.229,4.237,23290.7,4.24743,16.96996501188372,,4.333785771373054
2024-06-21 22:30:00,4.236,4.242,4.233,4.24,16697.0,4.24651,12.165692993487633,,4.332050735316916
2024-06-21 22:45:00,4.241,4.244,4.234,4.235,19444.6,4.24558,14.167636939640033,,4.327186344557357
2024-06-21 23:00:00,4.235,4.244,4.232,4.233,24017.2,4.24462,31.3087596531388,,4.322159723906306
2024-06-21 23:15:00,4.233,4.235,4.204,4.218,113055.3,4.24361,211.54845083810798,,4.313779763348262
2024-06-21 23:30:00,4.218,4.223,4.211,4.211,52954.3,4.2428,46.839290152695185,,4.306382654298511
2024-06-21 23:45:00,4.212,4.214,4.208,4.213,10866.2,4.24207,9.611402561401366,,4.291899417970153
2024-06-22 00:00:00,4.214,4.215,4.19,4.191,85605.7,4.2413099999999995,75.72020064517099,,4.289699501117274
2024-06-22 00:15:00,4.191,4.195,4.158,4.169,144372.8,4.24055,127.7010454175965,,4.277671000957663
2024-06-22 00:30:00,4.167,4.177,4.138,4.138,127469.1,4.23943,88.29163111056931,,4.272075143677996
2024-06-22 00:45:00,4.138,4.149,4.129,4.144,82683.8,4.23843,57.271037203683804,,4.251492980295425
2024-06-22 01:00:00,4.143,4.167,4.143,4.159,69267.3,4.23776,47.97808174392961,,4.251492980295425
2024-06-22 01:15:00,4.156,4.159,4.143,4.149,46448.6,4.2366399999999995,32.172680726563456,,4.251492980295425
2024-06-22 01:30:00,4.149,4.164,4.148,4.157,36088.2,4.2354199999999995,24.996536743763368,,4.251492980295425
2024-06-22 01:45:00,4.156,4.167,4.154,4.158,29370.0,4.2344,20.343167133975378,,4.251492980295425
2024-06-22 02:00:00,4.159,4.183,4.159,4.182,62617.7,4.2334700000000005,43.3722280097082,,4.251492980295425
2024-06-22 02:15:00,4.183,4.184,4.173,4.176,45344.2,4.23216,31.407716689016215,,4.251492980295425
2024-06-22 02:30:00,4.178,4.199,4.176,4.195,62679.8,4.23096,43.41524165216717,,4.251492980295425
2024-06-22 02:45:00,4.195,4.196,4.186,4.189,27616.2,4.22959,19.128395376414396,,4.251492980295425
2024-06-22 03:00:00,4.189,4.195,4.183,4.194,40507.2,4.22834,31.778054446136352,,4.251492980295425
2024-06-22 03:15:00,4.192,4.197,4.177,4.18,35139.3,4.22701,42.498409603815986,,4.251492980295425
2024-06-22 03:30:00,4.18,4.18,4.161,4.168,60604.2,4.2258,87.49323273752549,,4.251492980295425
2024-06-22 03:45:00,4.167,4.173,4.165,4.172,13604.0,4.22469,21.70396204199758,,4.251492980295425
2024-06-22 04:00:00,4.172,4.174,4.16,4.165,38317.5,4.2234799999999995,61.13213507381963,,4.247907468316862
2024-06-22 04:15:00,4.166,4.174,4.165,4.174,25163.7,4.22247,40.146426759498276,,4.245277829985882
2024-06-22 04:30:00,4.174,4.177,4.172,4.176,18210.2,4.22121,29.052741074476945,,4.243023854273614
2024-06-22 04:45:00,4.177,4.178,4.172,4.176,4805.5,4.22006,7.66674430996908,,4.23802044652024
2024-06-22 05:00:00,4.175,4.176,4.152,4.153,54193.0,4.2186200000000005,86.46007166583173,,4.235160382731634
2024-06-22 05:15:00,4.153,4.157,4.149,4.157,11740.1,4.21716,19.37175971302319,,4.219708899484258
2024-06-22 05:30:00,4.157,4.163,4.154,4.157,26499.4,4.2157,43.72535236831771,,4.219708899484258
2024-06-22 05:45:00,4.157,4.163,4.156,4.16,8472.0,4.214510000000001,13.979229162335285,,4.219020824110884
2024-06-22 06:00:00,4.164,4.171,4.153,4.163,82509.0,4.2138,136.1440296217094,,4.219020824110884
2024-06-22 06:15:00,4.163,4.168,4.154,4.159,17432.8,4.21288,21.128361754475268,,4.219020824110884
2024-06-22 06:30:00,4.157,4.159,4.149,4.157,27636.6,4.21185,33.49525506308403,,4.216642851335134
2024-06-22 06:45:00,4.158,4.162,4.15,4.152,18202.1,4.21064,22.06074488843641,,4.216642851335134
2024-06-22 07:00:00,4.152,4.154,4.137,4.145,40327.4,4.20939,48.87636500260577,,4.2110131152666295
2024-06-22 07:15:00,4.145,4.154,4.142,4.152,59722.6,4.20839,72.38313396114363,,4.2110131152666295
2024-06-22 07:30:00,4.153,4.168,4.151,4.167,49660.2,4.20755,60.18761589644766,,4.2110131152666295
2024-06-22 07:45:00,4.167,4.19,4.162,4.177,86301.6,4.20675,104.59658946296767,,4.2110131152666295
2024-06-22 08:00:00,4.177,4.185,4.162,4.167,57841.0,4.2057,67.02193238595808,,4.2110131152666295
2024-06-22 08:15:00,4.164,4.168,4.141,4.143,50243.9,4.204359999999999,58.218966971643624,,4.2110131152666295
2024-06-22 08:30:00,4.143,4.159,4.14,4.158,47190.3,4.20357,54.680677994382485,,4.2110131152666295
2024-06-22 08:45:00,4.158,4.166,4.144,4.147,72200.4,4.20298,83.66055785755998,,4.2110131152666295
2024-06-22 09:00:00,4.145,4.156,4.145,4.154,23940.4,4.20242,27.740389517691444,,4.2110131152666295
2024-06-22 09:15:00,4.155,4.155,4.137,4.142,58233.3,4.20173,67.4765010150449,,4.2110131152666295
2024-06-22 09:30:00,4.142,4.142,4.136,4.14,8676.3,4.20088,10.053463666954029,,4.2110131152666295
2024-06-22 09:45:00,4.139,4.16,4.138,4.156,44433.9,4.20089,51.48676270196612,,4.2110131152666295
2024-06-22 10:00:00,4.158,4.185,4.153,4.185,99458.2,4.20085,115.24490855325972,,4.2110131152666295
2024-06-22 10:15:00,4.185,4.191,4.175,4.179,60020.9,4.2003900000000005,60.34786473111317,,4.2110131152666295
2024-06-22 10:30:00,4.177,4.183,4.171,4.181,31365.7,4.19961,31.536565109764705,,4.2110131152666295
2024-06-22 10:45:00,4.182,4.184,4.176,4.184,16053.6,4.19874,16.141052220933016,,4.2110131152666295
2024-06-22 11:00:00,4.184,4.188,4.177,4.177,33486.8,4.19793,33.6692198330555,,4.2110131152666295
2024-06-22 11:15:00,4.175,4.18,4.17,4.177,25528.3,4.197290000000001,25.66736578783851,,4.2110131152666295
2024-06-22 11:30:00,4.178,4.191,4.176,4.191,34927.0,4.19659,35.1172653436318,,4.2110131152666295
2024-06-22 11:45:00,4.191,4.226,4.191,4.205,166611.7,4.196140000000001,167.51931967399372,,4.2110131152666295
2024-06-22 12:00:00,4.204,4.215,4.193,4.198,122848.6,4.19558,73.7334773008138,,4.2110131152666295
2024-06-22 12:15:00,4.199,4.212,4.196,4.205,39973.9,4.19513,23.992252644922292,,4.2110131152666295
2024-06-22 12:30:00,4.205,4.207,4.191,4.198,32538.9,4.19488,19.529780921747992,,4.2110131152666295
2024-06-22 12:45:00,4.197,4.198,4.186,4.188,21198.2,4.19439,12.723116083684399,,4.2110131152666295
2024-06-22 13:00:00,4.187,4.193,4.179,4.181,78994.2,4.1941500000000005,47.41215652922333,,4.2110131152666295
2024-06-22 13:15:00,4.179,4.194,4.171,4.184,90201.7,4.19388,54.13887500097532,,4.2110131152666295
2024-06-22 13:30:00,4.183,4.219,4.181,4.212,101122.3,4.19398,60.693396682225796,4.098311574733166,
2024-06-22 13:45:00,4.211,4.231,4.2,4.224,174375.1,4.19411,104.65957672840501,4.106195635485571,
2024-06-22 14:00:00,4.224,4.257,4.22,4.238,307368.0,4.19451,176.26828601101877,4.118381973273347,
2024-06-22 14:15:00,4.237,4.259,4.229,4.248,232047.1,4.19527,75.49487910257412,4.119613119948582,
2024-06-22 14:30:00,4.248,4.256,4.236,4.239,101988.6,4.19573,33.181268056531586,4.125096959955928,
2024-06-22 14:45:00,4.239,4.25,4.231,4.231,49528.6,4.19636,16.113778922984825,4.125096959955928,
2024-06-22 15:00:00,4.232,4.244,4.23,4.243,40532.1,4.1966,13.186831420317015,4.12654062364109,
2024-06-22 15:15:00,4.244,4.245,4.228,4.232,28978.5,4.19656,9.427949558835012,4.129677677406647,
2024-06-22 15:30:00,4.233,4.249,4.231,4.247,35801.7,4.1966399999999995,11.647829312094947,4.135580866348556,
2024-06-22 15:45:00,4.245,4.265,4.241,4.264,49682.2,4.1966,16.163751594180265,4.146355028298762,
2024-06-22 16:00:00,4.263,4.271,4.24,4.246,89115.0,4.19634,28.99293355196377,4.146355028298762,
2024-06-22 16:15:00,4.244,4.253,4.244,4.247,25580.2,4.19637,8.322336742927044,4.146355028298762,
2024-06-22 16:30:00,4.246,4.255,4.241,4.252,33988.0,4.19681,11.057754873636814,4.149063224817878,
2024-06-22 16:45:00,4.251,4.252,4.241,4.241,23090.8,4.19693,9.950910828017243,4.153839906986753,
2024-06-22 17:00:00,4.242,4.246,4.234,4.237,19836.6,4.19704,19.44982086233167,4.153839906986753,
2024-06-22 17:15:00,4.237,4.245,4.235,4.241,39458.8,4.19723,44.27851652359311,4.157433401051493,
2024-06-22 17:30:00,4.243,4.243,4.225,4.229,32452.9,4.19728,36.41687706895584,4.157433401051493,
2024-06-22 17:45:00,4.23,4.241,4.219,4.225,70041.8,4.19736,78.5970936430455,4.157433401051493,
2024-06-22 18:00:00,4.225,4.232,4.219,4.22,57969.6,4.19733,65.05032822757111,4.157433401051493,
2024-06-22 18:15:00,4.219,4.227,4.208,4.218,67767.2,4.19777,76.04466139258261,4.157433401051493,
2024-06-22 18:30:00,4.218,4.221,4.215,4.216,8062.3,4.19805,9.047074005498514,4.157433401051493,
2024-06-22 18:45:00,4.216,4.217,4.209,4.209,14975.6,4.19839,21.3809468060501,4.157433401051493,
2024-06-22 19:00:00,4.209,4.212,4.198,4.21,87864.9,4.19871,125.4463763067197,4.157433401051493,
2024-06-22 19:15:00,4.21,4.214,4.202,4.203,20981.3,4.19881,23.879046126496476,4.157433401051493,
2024-06-22 19:30:00,4.204,4.206,4.199,4.206,4800.3,4.19871,5.463273730465749,4.157433401051493,
2024-06-22 19:45:00,4.207,4.211,4.203,4.211,3121.7,4.19825,3.5528407817000875,4.157433401051493,
2024-06-22 20:00:00,4.211,4.213,4.184,4.2,93368.7,4.19787,106.26393474527372,4.157433401051493,
2024-06-22 20:15:00,4.2,4.206,4.196,4.204,37410.0,4.197509999999999,40.06696034109932,4.157433401051493,
2024-06-22 20:30:00,4.204,4.204,4.198,4.199,8830.3,4.19693,9.457452015504124,4.157433401051493,
2024-06-22 20:45:00,4.199,4.203,4.197,4.201,4701.3,4.19649,5.035199162031816,4.157433401051493,
2024-06-22 21:00:00,4.201,4.204,4.198,4.2,7069.6,4.196070000000001,7.571702294237791,4.157433401051493,
2024-06-22 21:15:00,4.201,4.208,4.2,4.202,16381.1,4.19565,17.544530447569688,4.157433401051493,
2024-06-22 21:30:00,4.201,4.201,4.196,4.198,12048.7,4.19526,12.904431570751226,4.157433401051493,
2024-06-22 21:45:00,4.199,4.214,4.198,4.211,20458.7,4.19491,21.911732732703786,4.157433401051493,
2024-06-22 22:00:00,4.211,4.212,4.199,4.204,21571.1,4.19448,23.103138417906646,4.157433401051493,
2024-06-22 22:15:00,4.203,4.21,4.196,4.207,31751.2,4.19444,34.006256914790505,4.157433401051493,
2024-06-22 22:30:00,4.209,4.212,4.205,4.209,5788.6,4.194310000000001,6.199722176703756,4.157433401051493,
2024-06-22 22:45:00,4.21,4.214,4.203,4.213,23249.6,4.19407,62.14808874632451,4.157433401051493,
2024-06-22 23:00:00,4.212,4.217,4.212,4.213,12835.0,4.19388,40.423669026682454,4.164164359522888,
2024-06-22 23:15:00,4.211,4.216,4.208,4.21,26965.3,4.19361,84.92686890574214,4.164164359522888,
2024-06-22 23:30:00,4.212,4.212,4.208,4.209,4248.8,4.1933,13.381541485046235,4.165263611078041,
